country,lat,long,jul,temperature,sunrise,sunset,daylen
Austria,47.52,14.55,2458485,-2.3,7.93,16.25,8.32
Austria,47.52,14.55,2458492,-2.3,7.91,16.37,8.46
Austria,47.52,14.55,2458499,-2.3,7.85,16.52,8.67
Austria,47.52,14.55,2458506,-2.3,7.75,16.69,8.94
Austria,47.52,14.55,2458513,-2.3,7.63,16.87,9.24
Austria,47.52,14.55,2458520,-1.1,7.47,17.05,9.58
Austria,47.52,14.55,2458527,-1.1,7.3,17.24,9.94
Austria,47.52,14.55,2458534,-1.1,7.1,17.42,10.32
Austria,47.52,14.55,2458541,-1.1,6.89,17.6,10.71
Austria,47.52,14.55,2458548,2.8,6.67,17.78,11.11
Austria,47.52,14.55,2458555,2.8,6.44,17.95,11.51
Austria,47.52,14.55,2458562,2.8,6.2,18.12,11.92
Austria,47.52,14.55,2458569,2.8,5.97,18.29,12.32
Austria,47.52,14.55,2458576,7.6,5.73,18.45,12.72
Austria,47.52,14.55,2458583,7.6,5.5,18.61,13.11
Austria,47.52,14.55,2458590,7.6,5.28,18.78,13.5
Austria,47.52,14.55,2458597,7.6,5.07,18.94,13.87
Austria,47.52,14.55,2458604,7.6,4.87,19.1,14.23
Austria,47.52,14.55,2458611,12,4.69,19.26,14.57
Austria,47.52,14.55,2458618,12,4.53,19.41,14.88
Austria,47.52,14.55,2458625,12,4.4,19.55,15.16
Austria,47.52,14.55,2458632,12,4.29,19.68,15.39
Austria,47.52,14.55,2458639,15.4,4.22,19.79,15.57
Austria,47.52,14.55,2458646,15.4,4.17,19.87,15.7
Austria,47.52,14.55,2458653,15.4,4.17,19.93,15.76
Austria,47.52,14.55,2458660,15.4,4.19,19.95,15.76
Austria,47.52,14.55,2458667,17.2,4.25,19.94,15.69
Austria,47.52,14.55,2458674,17.2,4.34,19.9,15.56
Austria,47.52,14.55,2458681,17.2,4.45,19.82,15.37
Austria,47.52,14.55,2458688,17.2,4.57,19.71,15.14
Austria,47.52,14.55,2458695,17.2,4.71,19.57,14.86
Austria,47.52,14.55,2458702,17,4.85,19.4,14.55
Austria,47.52,14.55,2458709,17,5,19.22,14.21
Austria,47.52,14.55,2458716,17,5.16,19.02,13.86
Austria,47.52,14.55,2458723,17,5.31,18.8,13.49
Austria,47.52,14.55,2458730,12.5,5.47,18.58,13.11
Austria,47.52,14.55,2458737,12.5,5.62,18.34,12.72
Austria,47.52,14.55,2458744,12.5,5.78,18.1,12.33
Austria,47.52,14.55,2458751,12.5,5.93,17.87,11.93
Austria,47.52,14.55,2458758,8.3,6.09,17.63,11.54
Austria,47.52,14.55,2458765,8.3,6.25,17.39,11.14
Austria,47.52,14.55,2458772,8.3,6.42,17.17,10.75
Austria,47.52,14.55,2458779,8.3,6.59,16.95,10.36
Austria,47.52,14.55,2458786,8.3,6.77,16.75,9.98
Austria,47.52,14.55,2458793,3.3,6.94,16.57,9.62
Austria,47.52,14.55,2458800,3.3,7.12,16.41,9.28
Austria,47.52,14.55,2458807,3.3,7.3,16.27,8.98
Austria,47.52,14.55,2458814,3.3,7.46,16.17,8.71
Austria,47.52,14.55,2458821,-1.2,7.61,16.1,8.49
Austria,47.52,14.55,2458828,-1.2,7.74,16.08,8.34
Austria,47.52,14.55,2458835,-1.2,7.84,16.09,8.25
Austria,47.52,14.55,2458842,-1.2,7.9,16.14,8.24
Austria,47.52,14.55,2458849,-1.2,7.93,16.23,8.3
Belgium,50.5,4.47,2458485,3.5,8.83,16.69,7.87
Belgium,50.5,4.47,2458492,3.5,8.79,16.83,8.03
Belgium,50.5,4.47,2458499,3.5,8.72,16.99,8.27
Belgium,50.5,4.47,2458506,3.5,8.61,17.18,8.57
Belgium,50.5,4.47,2458513,3.5,8.46,17.38,8.92
Belgium,50.5,4.47,2458520,3.9,8.29,17.59,9.3
Belgium,50.5,4.47,2458527,3.9,8.09,17.79,9.71
Belgium,50.5,4.47,2458534,3.9,7.87,18,10.13
Belgium,50.5,4.47,2458541,3.9,7.63,18.2,10.57
Belgium,50.5,4.47,2458548,6.6,7.39,18.4,11.01
Belgium,50.5,4.47,2458555,6.6,7.13,18.6,11.46
Belgium,50.5,4.47,2458562,6.6,6.88,18.79,11.91
Belgium,50.5,4.47,2458569,6.6,6.62,18.98,12.36
Belgium,50.5,4.47,2458576,10.1,6.36,19.16,12.8
Belgium,50.5,4.47,2458583,10.1,6.11,19.35,13.24
Belgium,50.5,4.47,2458590,10.1,5.87,19.53,13.67
Belgium,50.5,4.47,2458597,10.1,5.63,19.72,14.09
Belgium,50.5,4.47,2458604,10.1,5.41,19.9,14.49
Belgium,50.5,4.47,2458611,13.9,5.21,20.08,14.87
Belgium,50.5,4.47,2458618,13.9,5.03,20.25,15.22
Belgium,50.5,4.47,2458625,13.9,4.88,20.41,15.53
Belgium,50.5,4.47,2458632,13.9,4.76,20.55,15.8
Belgium,50.5,4.47,2458639,16.9,4.67,20.68,16.01
Belgium,50.5,4.47,2458646,16.9,4.62,20.77,16.15
Belgium,50.5,4.47,2458653,16.9,4.61,20.83,16.22
Belgium,50.5,4.47,2458660,16.9,4.64,20.85,16.22
Belgium,50.5,4.47,2458667,18.7,4.7,20.84,16.14
Belgium,50.5,4.47,2458674,18.7,4.79,20.78,15.99
Belgium,50.5,4.47,2458681,18.7,4.91,20.69,15.78
Belgium,50.5,4.47,2458688,18.7,5.06,20.56,15.51
Belgium,50.5,4.47,2458695,18.7,5.21,20.41,15.19
Belgium,50.5,4.47,2458702,18.4,5.38,20.22,14.84
Belgium,50.5,4.47,2458709,18.4,5.55,20.02,14.47
Belgium,50.5,4.47,2458716,18.4,5.72,19.79,14.07
Belgium,50.5,4.47,2458723,18.4,5.9,19.56,13.66
Belgium,50.5,4.47,2458730,15.3,6.08,19.31,13.23
Belgium,50.5,4.47,2458737,15.3,6.25,19.05,12.8
Belgium,50.5,4.47,2458744,15.3,6.43,18.8,12.37
Belgium,50.5,4.47,2458751,15.3,6.61,18.53,11.93
Belgium,50.5,4.47,2458758,11.6,6.79,18.27,11.48
Belgium,50.5,4.47,2458765,11.6,6.97,18.02,11.04
Belgium,50.5,4.47,2458772,11.6,7.16,17.77,10.61
Belgium,50.5,4.47,2458779,11.6,7.36,17.53,10.17
Belgium,50.5,4.47,2458786,11.6,7.55,17.31,9.75
Belgium,50.5,4.47,2458793,7.5,7.75,17.1,9.35
Belgium,50.5,4.47,2458800,7.5,7.95,16.92,8.97
Belgium,50.5,4.47,2458807,7.5,8.15,16.77,8.62
Belgium,50.5,4.47,2458814,7.5,8.33,16.65,8.31
Belgium,50.5,4.47,2458821,4.3,8.5,16.56,8.07
Belgium,50.5,4.47,2458828,4.3,8.64,16.52,7.89
Belgium,50.5,4.47,2458835,4.3,8.74,16.53,7.79
Belgium,50.5,4.47,2458842,4.3,8.81,16.58,7.77
Belgium,50.5,4.47,2458849,4.3,8.83,16.67,7.85
Bulgaria,42.73,25.49,2458485,-0.1,6.9,15.82,8.92
Bulgaria,42.73,25.49,2458492,-0.1,6.89,15.93,9.04
Bulgaria,42.73,25.49,2458499,-0.1,6.85,16.06,9.21
Bulgaria,42.73,25.49,2458506,-0.1,6.78,16.21,9.43
Bulgaria,42.73,25.49,2458513,-0.1,6.68,16.36,9.68
Bulgaria,42.73,25.49,2458520,1.9,6.55,16.51,9.96
Bulgaria,42.73,25.49,2458527,1.9,6.41,16.67,10.27
Bulgaria,42.73,25.49,2458534,1.9,6.24,16.82,10.58
Bulgaria,42.73,25.49,2458541,1.9,6.06,16.97,10.91
Bulgaria,42.73,25.49,2458548,6.2,5.87,17.12,11.25
Bulgaria,42.73,25.49,2458555,6.2,5.67,17.26,11.59
Bulgaria,42.73,25.49,2458562,6.2,5.47,17.4,11.93
Bulgaria,42.73,25.49,2458569,6.2,5.26,17.53,12.27
Bulgaria,42.73,25.49,2458576,11.1,5.06,17.67,12.61
Bulgaria,42.73,25.49,2458583,11.1,4.86,17.8,12.94
Bulgaria,42.73,25.49,2458590,11.1,4.67,17.93,13.27
Bulgaria,42.73,25.49,2458597,11.1,4.48,18.06,13.58
Bulgaria,42.73,25.49,2458604,11.1,4.32,18.19,13.88
Bulgaria,42.73,25.49,2458611,16.5,4.16,18.32,14.16
Bulgaria,42.73,25.49,2458618,16.5,4.03,18.45,14.42
Bulgaria,42.73,25.49,2458625,16.5,3.92,18.57,14.65
Bulgaria,42.73,25.49,2458632,16.5,3.84,18.67,14.84
Bulgaria,42.73,25.49,2458639,20.3,3.78,18.77,14.99
Bulgaria,42.73,25.49,2458646,20.3,3.75,18.84,15.09
Bulgaria,42.73,25.49,2458653,20.3,3.75,18.89,15.14
Bulgaria,42.73,25.49,2458660,20.3,3.77,18.91,15.14
Bulgaria,42.73,25.49,2458667,22.9,3.83,18.91,15.08
Bulgaria,42.73,25.49,2458674,22.9,3.9,18.88,14.98
Bulgaria,42.73,25.49,2458681,22.9,3.99,18.81,14.82
Bulgaria,42.73,25.49,2458688,22.9,4.09,18.72,14.63
Bulgaria,42.73,25.49,2458695,22.9,4.21,18.61,14.4
Bulgaria,42.73,25.49,2458702,22.8,4.33,18.47,14.14
Bulgaria,42.73,25.49,2458709,22.8,4.45,18.32,13.87
Bulgaria,42.73,25.49,2458716,22.8,4.57,18.14,13.57
Bulgaria,42.73,25.49,2458723,22.8,4.7,17.96,13.26
Bulgaria,42.73,25.49,2458730,18,4.82,17.76,12.94
Bulgaria,42.73,25.49,2458737,18,4.95,17.56,12.61
Bulgaria,42.73,25.49,2458744,18,5.07,17.35,12.28
Bulgaria,42.73,25.49,2458751,18,5.2,17.14,11.94
Bulgaria,42.73,25.49,2458758,12.3,5.33,16.93,11.61
Bulgaria,42.73,25.49,2458765,12.3,5.46,16.73,11.27
Bulgaria,42.73,25.49,2458772,12.3,5.59,16.53,10.94
Bulgaria,42.73,25.49,2458779,12.3,5.73,16.35,10.62
Bulgaria,42.73,25.49,2458786,12.3,5.88,16.18,10.3
Bulgaria,42.73,25.49,2458793,7,6.03,16.03,10
Bulgaria,42.73,25.49,2458800,7,6.18,15.89,9.72
Bulgaria,42.73,25.49,2458807,7,6.33,15.79,9.46
Bulgaria,42.73,25.49,2458814,7,6.47,15.71,9.24
Bulgaria,42.73,25.49,2458821,1.5,6.6,15.66,9.06
Bulgaria,42.73,25.49,2458828,1.5,6.71,15.65,8.94
Bulgaria,42.73,25.49,2458835,1.5,6.8,15.67,8.87
Bulgaria,42.73,25.49,2458842,1.5,6.86,15.72,8.86
Bulgaria,42.73,25.49,2458849,1.5,6.89,15.8,8.91
Croatia,45.1,15.2,2458485,2.2,7.72,16.36,8.64
Croatia,45.1,15.2,2458492,2.2,7.71,16.48,8.77
Croatia,45.1,15.2,2458499,2.2,7.66,16.62,8.96
Croatia,45.1,15.2,2458506,2.2,7.58,16.78,9.2
Croatia,45.1,15.2,2458513,2.2,7.47,16.94,9.47
Croatia,45.1,15.2,2458520,3.5,7.33,17.11,9.78
Croatia,45.1,15.2,2458527,3.5,7.17,17.28,10.11
Croatia,45.1,15.2,2458534,3.5,6.99,17.45,10.46
Croatia,45.1,15.2,2458541,3.5,6.79,17.61,10.82
Croatia,45.1,15.2,2458548,7.4,6.59,17.77,11.18
Croatia,45.1,15.2,2458555,7.4,6.37,17.93,11.55
Croatia,45.1,15.2,2458562,7.4,6.15,18.08,11.92
Croatia,45.1,15.2,2458569,7.4,5.93,18.23,12.29
Croatia,45.1,15.2,2458576,12,5.72,18.38,12.66
Croatia,45.1,15.2,2458583,12,5.5,18.53,13.02
Croatia,45.1,15.2,2458590,12,5.3,18.67,13.38
Croatia,45.1,15.2,2458597,12,5.1,18.82,13.72
Croatia,45.1,15.2,2458604,12,4.92,18.96,14.05
Croatia,45.1,15.2,2458611,16.3,4.75,19.11,14.35
Croatia,45.1,15.2,2458618,16.3,4.61,19.24,14.64
Croatia,45.1,15.2,2458625,16.3,4.49,19.37,14.89
Croatia,45.1,15.2,2458632,16.3,4.39,19.49,15.1
Croatia,45.1,15.2,2458639,20,4.33,19.59,15.26
Croatia,45.1,15.2,2458646,20,4.29,19.67,15.38
Croatia,45.1,15.2,2458653,20,4.29,19.72,15.43
Croatia,45.1,15.2,2458660,20,4.32,19.74,15.43
Croatia,45.1,15.2,2458667,22.2,4.37,19.74,15.37
Croatia,45.1,15.2,2458674,22.2,4.45,19.7,15.25
Croatia,45.1,15.2,2458681,22.2,4.55,19.63,15.08
Croatia,45.1,15.2,2458688,22.2,4.66,19.53,14.87
Croatia,45.1,15.2,2458695,22.2,4.79,19.4,14.62
Croatia,45.1,15.2,2458702,22,4.92,19.25,14.34
Croatia,45.1,15.2,2458709,22,5.05,19.08,14.03
Croatia,45.1,15.2,2458716,22,5.19,18.9,13.71
Croatia,45.1,15.2,2458723,22,5.33,18.7,13.37
Croatia,45.1,15.2,2458730,17.2,5.47,18.49,13.02
Croatia,45.1,15.2,2458737,17.2,5.61,18.27,12.66
Croatia,45.1,15.2,2458744,17.2,5.75,18.05,12.3
Croatia,45.1,15.2,2458751,17.2,5.89,17.82,11.94
Croatia,45.1,15.2,2458758,12.8,6.03,17.6,11.57
Croatia,45.1,15.2,2458765,12.8,6.18,17.39,11.21
Croatia,45.1,15.2,2458772,12.8,6.33,17.17,10.85
Croatia,45.1,15.2,2458779,12.8,6.48,16.98,10.49
Croatia,45.1,15.2,2458786,12.8,6.64,16.79,10.15
Croatia,45.1,15.2,2458793,8.3,6.8,16.62,9.82
Croatia,45.1,15.2,2458800,8.3,6.97,16.48,9.51
Croatia,45.1,15.2,2458807,8.3,7.13,16.36,9.23
Croatia,45.1,15.2,2458814,8.3,7.28,16.27,8.99
Croatia,45.1,15.2,2458821,3.4,7.42,16.21,8.8
Croatia,45.1,15.2,2458828,3.4,7.54,16.19,8.65
Croatia,45.1,15.2,2458835,3.4,7.63,16.21,8.58
Croatia,45.1,15.2,2458842,3.4,7.69,16.26,8.57
Croatia,45.1,15.2,2458849,3.4,7.72,16.34,8.62
Cyprus,35.13,33.43,2458485,10.4,5.99,15.67,9.68
Cyprus,35.13,33.43,2458492,10.4,6,15.77,9.77
Cyprus,35.13,33.43,2458499,10.4,5.98,15.88,9.9
Cyprus,35.13,33.43,2458506,10.4,5.93,15.99,10.06
Cyprus,35.13,33.43,2458513,10.4,5.87,16.11,10.25
Cyprus,35.13,33.43,2458520,11.5,5.78,16.23,10.46
Cyprus,35.13,33.43,2458527,11.5,5.67,16.35,10.68
Cyprus,35.13,33.43,2458534,11.5,5.54,16.46,10.92
Cyprus,35.13,33.43,2458541,11.5,5.4,16.57,11.17
Cyprus,35.13,33.43,2458548,14.1,5.25,16.68,11.43
Cyprus,35.13,33.43,2458555,14.1,5.09,16.78,11.69
Cyprus,35.13,33.43,2458562,14.1,4.93,16.88,11.95
Cyprus,35.13,33.43,2458569,14.1,4.76,16.97,12.21
Cyprus,35.13,33.43,2458576,17.5,4.6,17.06,12.46
Cyprus,35.13,33.43,2458583,17.5,4.44,17.16,12.72
Cyprus,35.13,33.43,2458590,17.5,4.29,17.25,12.96
Cyprus,35.13,33.43,2458597,17.5,4.14,17.34,13.2
Cyprus,35.13,33.43,2458604,17.5,4.01,17.44,13.43
Cyprus,35.13,33.43,2458611,21.4,3.9,17.53,13.64
Cyprus,35.13,33.43,2458618,21.4,3.8,17.62,13.83
Cyprus,35.13,33.43,2458625,21.4,3.72,17.71,14
Cyprus,35.13,33.43,2458632,21.4,3.66,17.8,14.14
Cyprus,35.13,33.43,2458639,25.6,3.62,17.87,14.25
Cyprus,35.13,33.43,2458646,25.6,3.6,17.93,14.33
Cyprus,35.13,33.43,2458653,25.6,3.61,17.97,14.36
Cyprus,35.13,33.43,2458660,25.6,3.63,18,14.36
Cyprus,35.13,33.43,2458667,28.6,3.68,18,14.32
Cyprus,35.13,33.43,2458674,28.6,3.74,17.98,14.24
Cyprus,35.13,33.43,2458681,28.6,3.81,17.94,14.13
Cyprus,35.13,33.43,2458688,28.6,3.89,17.87,13.99
Cyprus,35.13,33.43,2458695,28.6,3.97,17.79,13.82
Cyprus,35.13,33.43,2458702,28.8,4.06,17.68,13.62
Cyprus,35.13,33.43,2458709,28.8,4.15,17.56,13.41
Cyprus,35.13,33.43,2458716,28.8,4.23,17.42,13.19
Cyprus,35.13,33.43,2458723,28.8,4.32,17.28,12.96
Cyprus,35.13,33.43,2458730,25.9,4.41,17.12,12.71
Cyprus,35.13,33.43,2458737,25.9,4.49,16.96,12.46
Cyprus,35.13,33.43,2458744,25.9,4.58,16.79,12.21
Cyprus,35.13,33.43,2458751,25.9,4.66,16.62,11.96
Cyprus,35.13,33.43,2458758,21.7,4.75,16.45,11.7
Cyprus,35.13,33.43,2458765,21.7,4.84,16.29,11.45
Cyprus,35.13,33.43,2458772,21.7,4.94,16.13,11.19
Cyprus,35.13,33.43,2458779,21.7,5.04,15.99,10.95
Cyprus,35.13,33.43,2458786,21.7,5.15,15.85,10.71
Cyprus,35.13,33.43,2458793,16.2,5.26,15.74,10.48
Cyprus,35.13,33.43,2458800,16.2,5.37,15.64,10.27
Cyprus,35.13,33.43,2458807,16.2,5.49,15.57,10.08
Cyprus,35.13,33.43,2458814,16.2,5.6,15.52,9.92
Cyprus,35.13,33.43,2458821,12.1,5.71,15.49,9.79
Cyprus,35.13,33.43,2458828,12.1,5.8,15.5,9.69
Cyprus,35.13,33.43,2458835,12.1,5.88,15.53,9.64
Cyprus,35.13,33.43,2458842,12.1,5.94,15.58,9.63
Cyprus,35.13,33.43,2458849,12.1,5.98,15.65,9.67
Czech Republic,49.82,15.47,2458485,-1.6,8.04,16.01,7.98
Czech Republic,49.82,15.47,2458492,-1.6,8.01,16.15,8.14
Czech Republic,49.82,15.47,2458499,-1.6,7.94,16.31,8.37
Czech Republic,49.82,15.47,2458506,-1.6,7.83,16.49,8.66
Czech Republic,49.82,15.47,2458513,-1.6,7.69,16.68,9
Czech Republic,49.82,15.47,2458520,-0.2,7.52,16.89,9.37
Czech Republic,49.82,15.47,2458527,-0.2,7.32,17.09,9.76
Czech Republic,49.82,15.47,2458534,-0.2,7.11,17.29,10.18
Czech Republic,49.82,15.47,2458541,-0.2,6.88,17.49,10.6
Czech Republic,49.82,15.47,2458548,3.7,6.64,17.68,11.04
Czech Republic,49.82,15.47,2458555,3.7,6.39,17.87,11.47
Czech Republic,49.82,15.47,2458562,3.7,6.14,18.05,11.91
Czech Republic,49.82,15.47,2458569,3.7,5.89,18.24,12.35
Czech Republic,49.82,15.47,2458576,9.2,5.64,18.42,12.78
Czech Republic,49.82,15.47,2458583,9.2,5.39,18.6,13.21
Czech Republic,49.82,15.47,2458590,9.2,5.15,18.78,13.63
Czech Republic,49.82,15.47,2458597,9.2,4.92,18.96,14.03
Czech Republic,49.82,15.47,2458604,9.2,4.71,19.14,14.43
Czech Republic,49.82,15.47,2458611,13.7,4.51,19.31,14.8
Czech Republic,49.82,15.47,2458618,13.7,4.34,19.48,15.14
Czech Republic,49.82,15.47,2458625,13.7,4.19,19.63,15.44
Czech Republic,49.82,15.47,2458632,13.7,4.07,19.77,15.7
Czech Republic,49.82,15.47,2458639,16.8,3.99,19.89,15.9
Czech Republic,49.82,15.47,2458646,16.8,3.94,19.98,16.04
Czech Republic,49.82,15.47,2458653,16.8,3.93,20.04,16.11
Czech Republic,49.82,15.47,2458660,16.8,3.96,20.07,16.11
Czech Republic,49.82,15.47,2458667,18.8,4.02,20.05,16.03
Czech Republic,49.82,15.47,2458674,18.8,4.11,20,15.89
Czech Republic,49.82,15.47,2458681,18.8,4.23,19.91,15.68
Czech Republic,49.82,15.47,2458688,18.8,4.37,19.79,15.42
Czech Republic,49.82,15.47,2458695,18.8,4.52,19.63,15.11
Czech Republic,49.82,15.47,2458702,18.6,4.68,19.45,14.77
Czech Republic,49.82,15.47,2458709,18.6,4.85,19.25,14.41
Czech Republic,49.82,15.47,2458716,18.6,5.02,19.04,14.02
Czech Republic,49.82,15.47,2458723,18.6,5.19,18.8,13.62
Czech Republic,49.82,15.47,2458730,14,5.36,18.56,13.2
Czech Republic,49.82,15.47,2458737,14,5.53,18.31,12.78
Czech Republic,49.82,15.47,2458744,14,5.7,18.06,12.36
Czech Republic,49.82,15.47,2458751,14,5.87,17.8,11.93
Czech Republic,49.82,15.47,2458758,9.1,6.05,17.55,11.5
Czech Republic,49.82,15.47,2458765,9.1,6.23,17.3,11.07
Czech Republic,49.82,15.47,2458772,9.1,6.41,17.05,10.64
Czech Republic,49.82,15.47,2458779,9.1,6.6,16.82,10.22
Czech Republic,49.82,15.47,2458786,9.1,6.79,16.6,9.81
Czech Republic,49.82,15.47,2458793,4.2,6.99,16.4,9.41
Czech Republic,49.82,15.47,2458800,4.2,7.18,16.22,9.04
Czech Republic,49.82,15.47,2458807,4.2,7.37,16.08,8.7
Czech Republic,49.82,15.47,2458814,4.2,7.55,15.96,8.41
Czech Republic,49.82,15.47,2458821,-0.2,7.71,15.88,8.17
Czech Republic,49.82,15.47,2458828,-0.2,7.85,15.84,8
Czech Republic,49.82,15.47,2458835,-0.2,7.95,15.85,7.9
Czech Republic,49.82,15.47,2458842,-0.2,8.02,15.9,7.89
Czech Republic,49.82,15.47,2458849,-0.2,8.04,15.99,7.96
Denmark,56.26,9.5,2458485,0.4,9.05,15.79,6.74
Denmark,56.26,9.5,2458492,0.4,8.99,15.96,6.97
Denmark,56.26,9.5,2458499,0.4,8.88,16.17,7.29
Denmark,56.26,9.5,2458506,0.4,8.72,16.4,7.68
Denmark,56.26,9.5,2458513,0.4,8.52,16.65,8.14
Denmark,56.26,9.5,2458520,0.3,8.29,16.91,8.63
Denmark,56.26,9.5,2458527,0.3,8.03,17.18,9.15
Denmark,56.26,9.5,2458534,0.3,7.76,17.44,9.68
Denmark,56.26,9.5,2458541,0.3,7.47,17.7,10.23
Denmark,56.26,9.5,2458548,2.9,7.17,17.95,10.78
Denmark,56.26,9.5,2458555,2.9,6.86,18.2,11.33
Denmark,56.26,9.5,2458562,2.9,6.55,18.44,11.89
Denmark,56.26,9.5,2458569,2.9,6.24,18.68,12.44
Denmark,56.26,9.5,2458576,7.6,5.93,18.92,12.99
Denmark,56.26,9.5,2458583,7.6,5.63,19.16,13.53
Denmark,56.26,9.5,2458590,7.6,5.33,19.4,14.07
Denmark,56.26,9.5,2458597,7.6,5.04,19.63,14.59
Denmark,56.26,9.5,2458604,7.6,4.77,19.87,15.1
Denmark,56.26,9.5,2458611,12.1,4.52,20.1,15.59
Denmark,56.26,9.5,2458618,12.1,4.29,20.33,16.04
Denmark,56.26,9.5,2458625,12.1,4.08,20.54,16.45
Denmark,56.26,9.5,2458632,12.1,3.92,20.72,16.81
Denmark,56.26,9.5,2458639,15.2,3.79,20.88,17.09
Denmark,56.26,9.5,2458646,15.2,3.72,21,17.29
Denmark,56.26,9.5,2458653,15.2,3.69,21.08,17.39
Denmark,56.26,9.5,2458660,15.2,3.72,21.1,17.38
Denmark,56.26,9.5,2458667,17.7,3.8,21.07,17.27
Denmark,56.26,9.5,2458674,17.7,3.92,20.99,17.07
Denmark,56.26,9.5,2458681,17.7,4.08,20.86,16.78
Denmark,56.26,9.5,2458688,17.7,4.26,20.69,16.42
Denmark,56.26,9.5,2458695,17.7,4.47,20.48,16.01
Denmark,56.26,9.5,2458702,17.2,4.69,20.24,15.56
Denmark,56.26,9.5,2458709,17.2,4.91,19.99,15.08
Denmark,56.26,9.5,2458716,17.2,5.14,19.71,14.57
Denmark,56.26,9.5,2458723,17.2,5.37,19.42,14.05
Denmark,56.26,9.5,2458730,13.9,5.59,19.12,13.53
Denmark,56.26,9.5,2458737,13.9,5.82,18.81,12.99
Denmark,56.26,9.5,2458744,13.9,6.05,18.5,12.45
Denmark,56.26,9.5,2458751,13.9,6.28,18.19,11.91
Denmark,56.26,9.5,2458758,9.4,6.51,17.88,11.36
Denmark,56.26,9.5,2458765,9.4,6.75,17.57,10.82
Denmark,56.26,9.5,2458772,9.4,6.99,17.27,10.27
Denmark,56.26,9.5,2458779,9.4,7.24,16.98,9.73
Denmark,56.26,9.5,2458786,9.4,7.49,16.7,9.2
Denmark,56.26,9.5,2458793,5.3,7.75,16.44,8.69
Denmark,56.26,9.5,2458800,5.3,8,16.2,8.2
Denmark,56.26,9.5,2458807,5.3,8.25,15.99,7.74
Denmark,56.26,9.5,2458814,5.3,8.48,15.82,7.34
Denmark,56.26,9.5,2458821,2,8.69,15.7,7.01
Denmark,56.26,9.5,2458828,2,8.86,15.63,6.77
Denmark,56.26,9.5,2458835,2,8.98,15.62,6.63
Denmark,56.26,9.5,2458842,2,9.05,15.66,6.61
Denmark,56.26,9.5,2458849,2,9.06,15.77,6.71
Estonia,58.6,25.01,2458485,-4.4,8.33,14.45,6.13
Estonia,58.6,25.01,2458492,-4.4,8.25,14.64,6.39
Estonia,58.6,25.01,2458499,-4.4,8.11,14.87,6.76
Estonia,58.6,25.01,2458506,-4.4,7.92,15.13,7.22
Estonia,58.6,25.01,2458513,-4.4,7.69,15.42,7.73
Estonia,58.6,25.01,2458520,-4.4,7.42,15.71,8.28
Estonia,58.6,25.01,2458527,-4.4,7.14,16,8.86
Estonia,58.6,25.01,2458534,-4.4,6.84,16.29,9.46
Estonia,58.6,25.01,2458541,-4.4,6.52,16.58,10.06
Estonia,58.6,25.01,2458548,-0.9,6.19,16.86,10.67
Estonia,58.6,25.01,2458555,-0.9,5.86,17.13,11.27
Estonia,58.6,25.01,2458562,-0.9,5.52,17.4,11.88
Estonia,58.6,25.01,2458569,-0.9,5.19,17.67,12.48
Estonia,58.6,25.01,2458576,5.5,4.85,17.93,13.08
Estonia,58.6,25.01,2458583,5.5,4.52,18.2,13.68
Estonia,58.6,25.01,2458590,5.5,4.2,18.46,14.27
Estonia,58.6,25.01,2458597,5.5,3.88,18.73,14.85
Estonia,58.6,25.01,2458604,5.5,3.58,18.99,15.41
Estonia,58.6,25.01,2458611,11.4,3.3,19.25,15.96
Estonia,58.6,25.01,2458618,11.4,3.04,19.51,16.47
Estonia,58.6,25.01,2458625,11.4,2.81,19.74,16.94
Estonia,58.6,25.01,2458632,11.4,2.61,19.96,17.34
Estonia,58.6,25.01,2458639,14.6,2.47,20.14,17.67
Estonia,58.6,25.01,2458646,14.6,2.37,20.28,17.9
Estonia,58.6,25.01,2458653,14.6,2.34,20.36,18.02
Estonia,58.6,25.01,2458660,14.6,2.37,20.38,18.01
Estonia,58.6,25.01,2458667,18.3,2.46,20.34,17.89
Estonia,58.6,25.01,2458674,18.3,2.6,20.24,17.65
Estonia,58.6,25.01,2458681,18.3,2.78,20.09,17.31
Estonia,58.6,25.01,2458688,18.3,2.99,19.89,16.9
Estonia,58.6,25.01,2458695,18.3,3.22,19.66,16.43
Estonia,58.6,25.01,2458702,17.1,3.47,19.39,15.92
Estonia,58.6,25.01,2458709,17.1,3.72,19.11,15.39
Estonia,58.6,25.01,2458716,17.1,3.98,18.8,14.83
Estonia,58.6,25.01,2458723,17.1,4.23,18.49,14.25
Estonia,58.6,25.01,2458730,12.5,4.49,18.16,13.67
Estonia,58.6,25.01,2458737,12.5,4.74,17.83,13.09
Estonia,58.6,25.01,2458744,12.5,5,17.49,12.49
Estonia,58.6,25.01,2458751,12.5,5.25,17.15,11.9
Estonia,58.6,25.01,2458758,6.6,5.51,16.81,11.3
Estonia,58.6,25.01,2458765,6.6,5.77,16.48,10.71
Estonia,58.6,25.01,2458772,6.6,6.04,16.15,10.11
Estonia,58.6,25.01,2458779,6.6,6.32,15.83,9.51
Estonia,58.6,25.01,2458786,6.6,6.6,15.52,8.93
Estonia,58.6,25.01,2458793,2.4,6.88,15.23,8.35
Estonia,58.6,25.01,2458800,2.4,7.17,14.97,7.8
Estonia,58.6,25.01,2458807,2.4,7.44,14.73,7.29
Estonia,58.6,25.01,2458814,2.4,7.71,14.53,6.83
Estonia,58.6,25.01,2458821,-1.4,7.94,14.38,6.44
Estonia,58.6,25.01,2458828,-1.4,8.13,14.29,6.16
Estonia,58.6,25.01,2458835,-1.4,8.27,14.26,6
Estonia,58.6,25.01,2458842,-1.4,8.34,14.31,5.97
Estonia,58.6,25.01,2458849,-1.4,8.33,14.43,6.09
Finland,61.92,25.75,2458485,-9.3,8.86,13.83,4.97
Finland,61.92,25.75,2458492,-9.3,8.73,14.06,5.33
Finland,61.92,25.75,2458499,-9.3,8.53,14.35,5.81
Finland,61.92,25.75,2458506,-9.3,8.28,14.67,6.39
Finland,61.92,25.75,2458513,-9.3,7.99,15.01,7.02
Finland,61.92,25.75,2458520,-8.9,7.67,15.36,7.69
Finland,61.92,25.75,2458527,-8.9,7.33,15.71,8.38
Finland,61.92,25.75,2458534,-8.9,6.98,16.05,9.07
Finland,61.92,25.75,2458541,-8.9,6.61,16.38,9.77
Finland,61.92,25.75,2458548,-4.7,6.24,16.71,10.47
Finland,61.92,25.75,2458555,-4.7,5.86,17.03,11.17
Finland,61.92,25.75,2458562,-4.7,5.48,17.34,11.86
Finland,61.92,25.75,2458569,-4.7,5.1,17.65,12.55
Finland,61.92,25.75,2458576,2,4.72,17.96,13.24
Finland,61.92,25.75,2458583,2,4.35,18.27,13.92
Finland,61.92,25.75,2458590,2,3.98,18.58,14.61
Finland,61.92,25.75,2458597,2,3.62,18.9,15.28
Finland,61.92,25.75,2458604,2,3.26,19.21,15.95
Finland,61.92,25.75,2458611,8.6,2.93,19.53,16.6
Finland,61.92,25.75,2458618,8.6,2.61,19.83,17.22
Finland,61.92,25.75,2458625,8.6,2.32,20.13,17.81
Finland,61.92,25.75,2458632,8.6,2.07,20.4,18.33
Finland,61.92,25.75,2458639,13,1.88,20.63,18.76
Finland,61.92,25.75,2458646,13,1.74,20.81,19.07
Finland,61.92,25.75,2458653,13,1.69,20.92,19.23
Finland,61.92,25.75,2458660,13,1.72,20.94,19.22
Finland,61.92,25.75,2458667,16.7,1.83,20.87,19.05
Finland,61.92,25.75,2458674,16.7,2.01,20.73,18.72
Finland,61.92,25.75,2458681,16.7,2.24,20.53,18.29
Finland,61.92,25.75,2458688,16.7,2.51,20.27,17.76
Finland,61.92,25.75,2458695,16.7,2.8,19.98,17.18
Finland,61.92,25.75,2458702,14.6,3.1,19.66,16.56
Finland,61.92,25.75,2458709,14.6,3.41,19.32,15.92
Finland,61.92,25.75,2458716,14.6,3.71,18.97,15.26
Finland,61.92,25.75,2458723,14.6,4.02,18.61,14.59
Finland,61.92,25.75,2458730,9.6,4.32,18.23,13.92
Finland,61.92,25.75,2458737,9.6,4.61,17.86,13.24
Finland,61.92,25.75,2458744,9.6,4.91,17.48,12.57
Finland,61.92,25.75,2458751,9.6,5.21,17.09,11.89
Finland,61.92,25.75,2458758,3.2,5.51,16.71,11.2
Finland,61.92,25.75,2458765,3.2,5.82,16.34,10.52
Finland,61.92,25.75,2458772,3.2,6.13,15.96,9.83
Finland,61.92,25.75,2458779,3.2,6.46,15.59,9.14
Finland,61.92,25.75,2458786,3.2,6.79,15.24,8.45
Finland,61.92,25.75,2458793,-1.8,7.12,14.89,7.77
Finland,61.92,25.75,2458800,-1.8,7.46,14.57,7.11
Finland,61.92,25.75,2458807,-1.8,7.8,14.27,6.47
Finland,61.92,25.75,2458814,-1.8,8.12,14.02,5.89
Finland,61.92,25.75,2458821,-6.1,8.41,13.81,5.4
Finland,61.92,25.75,2458828,-6.1,8.65,13.67,5.02
Finland,61.92,25.75,2458835,-6.1,8.82,13.61,4.8
Finland,61.92,25.75,2458842,-6.1,8.89,13.66,4.76
Finland,61.92,25.75,2458849,-6.1,8.87,13.79,4.92
France,46.23,2.21,2458485,4.5,8.66,17.16,8.49
France,46.23,2.21,2458492,4.5,8.65,17.28,8.63
France,46.23,2.21,2458499,4.5,8.59,17.42,8.83
France,46.23,2.21,2458506,4.5,8.51,17.58,9.08
France,46.23,2.21,2458513,4.5,8.39,17.75,9.37
France,46.23,2.21,2458520,4.9,8.24,17.93,9.69
France,46.23,2.21,2458527,4.9,8.07,18.11,10.04
France,46.23,2.21,2458534,4.9,7.88,18.28,10.4
France,46.23,2.21,2458541,4.9,7.68,18.45,10.77
France,46.23,2.21,2458548,7.8,7.47,18.62,11.15
France,46.23,2.21,2458555,7.8,7.25,18.78,11.54
France,46.23,2.21,2458562,7.8,7.02,18.94,11.92
France,46.23,2.21,2458569,7.8,6.79,19.1,12.31
France,46.23,2.21,2458576,10.8,6.57,19.26,12.69
France,46.23,2.21,2458583,10.8,6.35,19.41,13.06
France,46.23,2.21,2458590,10.8,6.13,19.57,13.43
France,46.23,2.21,2458597,10.8,5.93,19.72,13.79
France,46.23,2.21,2458604,10.8,5.74,19.87,14.13
France,46.23,2.21,2458611,14.2,5.57,20.02,14.45
France,46.23,2.21,2458618,14.2,5.42,20.17,14.75
France,46.23,2.21,2458625,14.2,5.29,20.3,15.01
France,46.23,2.21,2458632,14.2,5.19,20.42,15.23
France,46.23,2.21,2458639,18,5.12,20.53,15.4
France,46.23,2.21,2458646,18,5.09,20.61,15.52
France,46.23,2.21,2458653,18,5.08,20.66,15.58
France,46.23,2.21,2458660,18,5.11,20.69,15.58
France,46.23,2.21,2458667,19.8,5.16,20.68,15.51
France,46.23,2.21,2458674,19.8,5.24,20.63,15.39
France,46.23,2.21,2458681,19.8,5.35,20.56,15.21
France,46.23,2.21,2458688,19.8,5.47,20.46,14.99
France,46.23,2.21,2458695,19.8,5.6,20.32,14.73
France,46.23,2.21,2458702,19.6,5.74,20.17,14.43
France,46.23,2.21,2458709,19.6,5.88,19.99,14.11
France,46.23,2.21,2458716,19.6,6.02,19.8,13.78
France,46.23,2.21,2458723,19.6,6.17,19.59,13.42
France,46.23,2.21,2458730,16.6,6.31,19.37,13.06
France,46.23,2.21,2458737,16.6,6.46,19.15,12.69
France,46.23,2.21,2458744,16.6,6.61,18.92,12.31
France,46.23,2.21,2458751,16.6,6.75,18.69,11.94
France,46.23,2.21,2458758,13,6.9,18.46,11.56
France,46.23,2.21,2458765,13,7.06,18.24,11.18
France,46.23,2.21,2458772,13,7.22,18.02,10.8
France,46.23,2.21,2458779,13,7.38,17.81,10.43
France,46.23,2.21,2458786,13,7.54,17.62,10.07
France,46.23,2.21,2458793,8.3,7.71,17.44,9.73
France,46.23,2.21,2458800,8.3,7.88,17.29,9.41
France,46.23,2.21,2458807,8.3,8.05,17.17,9.12
France,46.23,2.21,2458814,8.3,8.21,17.07,8.86
France,46.23,2.21,2458821,5,8.35,17.01,8.66
France,46.23,2.21,2458828,5,8.48,16.99,8.51
France,46.23,2.21,2458835,5,8.57,17,8.43
France,46.23,2.21,2458842,5,8.63,17.05,8.42
France,46.23,2.21,2458849,5,8.66,17.14,8.48
Germany,51.17,10.45,2458485,0.8,8.48,16.24,7.76
Germany,51.17,10.45,2458492,0.8,8.45,16.38,7.93
Germany,51.17,10.45,2458499,0.8,8.37,16.55,8.18
Germany,51.17,10.45,2458506,0.8,8.25,16.74,8.48
Germany,51.17,10.45,2458513,0.8,8.1,16.94,8.84
Germany,51.17,10.45,2458520,1.5,7.92,17.15,9.23
Germany,51.17,10.45,2458527,1.5,7.72,17.37,9.65
Germany,51.17,10.45,2458534,1.5,7.49,17.58,10.09
Germany,51.17,10.45,2458541,1.5,7.25,17.79,10.53
Germany,51.17,10.45,2458548,4.9,7,17.99,10.99
Germany,51.17,10.45,2458555,4.9,6.74,18.19,11.45
Germany,51.17,10.45,2458562,4.9,6.48,18.39,11.91
Germany,51.17,10.45,2458569,4.9,6.22,18.58,12.36
Germany,51.17,10.45,2458576,9.5,5.95,18.77,12.82
Germany,51.17,10.45,2458583,9.5,5.7,18.96,13.27
Germany,51.17,10.45,2458590,9.5,5.45,19.15,13.71
Germany,51.17,10.45,2458597,9.5,5.21,19.34,14.14
Germany,51.17,10.45,2458604,9.5,4.98,19.53,14.55
Germany,51.17,10.45,2458611,13.7,4.78,19.72,14.94
Germany,51.17,10.45,2458618,13.7,4.59,19.89,15.3
Germany,51.17,10.45,2458625,13.7,4.43,20.06,15.62
Germany,51.17,10.45,2458632,13.7,4.31,20.21,15.9
Germany,51.17,10.45,2458639,16.7,4.22,20.33,16.11
Germany,51.17,10.45,2458646,16.7,4.17,20.43,16.26
Germany,51.17,10.45,2458653,16.7,4.15,20.49,16.34
Germany,51.17,10.45,2458660,16.7,4.18,20.51,16.33
Germany,51.17,10.45,2458667,18.7,4.24,20.5,16.25
Germany,51.17,10.45,2458674,18.7,4.34,20.44,16.1
Germany,51.17,10.45,2458681,18.7,4.47,20.34,15.88
Germany,51.17,10.45,2458688,18.7,4.61,20.21,15.6
Germany,51.17,10.45,2458695,18.7,4.77,20.05,15.28
Germany,51.17,10.45,2458702,18.4,4.94,19.86,14.92
Germany,51.17,10.45,2458709,18.4,5.12,19.65,14.53
Germany,51.17,10.45,2458716,18.4,5.3,19.42,14.12
Germany,51.17,10.45,2458723,18.4,5.48,19.18,13.7
Germany,51.17,10.45,2458730,14.6,5.66,18.93,13.26
Germany,51.17,10.45,2458737,14.6,5.84,18.67,12.82
Germany,51.17,10.45,2458744,14.6,6.03,18.4,12.37
Germany,51.17,10.45,2458751,14.6,6.21,18.13,11.92
Germany,51.17,10.45,2458758,10.1,6.4,17.87,11.47
Germany,51.17,10.45,2458765,10.1,6.59,17.61,11.02
Germany,51.17,10.45,2458772,10.1,6.78,17.35,10.57
Germany,51.17,10.45,2458779,10.1,6.98,17.11,10.13
Germany,51.17,10.45,2458786,10.1,7.18,16.88,9.7
Germany,51.17,10.45,2458793,5.6,7.39,16.67,9.28
Germany,51.17,10.45,2458800,5.6,7.59,16.48,8.89
Germany,51.17,10.45,2458807,5.6,7.79,16.32,8.53
Germany,51.17,10.45,2458814,5.6,7.98,16.2,8.22
Germany,51.17,10.45,2458821,2,8.15,16.11,7.96
Germany,51.17,10.45,2458828,2,8.29,16.07,7.78
Germany,51.17,10.45,2458835,2,8.4,16.07,7.67
Germany,51.17,10.45,2458842,2,8.46,16.12,7.66
Germany,51.17,10.45,2458849,2,8.48,16.22,7.73
Greece,39.07,21.82,2458485,7.1,6.95,16.26,9.31
Greece,39.07,21.82,2458492,7.1,6.95,16.36,9.42
Greece,39.07,21.82,2458499,7.1,6.92,16.48,9.56
Greece,39.07,21.82,2458506,7.1,6.86,16.61,9.75
Greece,39.07,21.82,2458513,7.1,6.78,16.75,9.97
Greece,39.07,21.82,2458520,8.3,6.67,16.89,10.21
Greece,39.07,21.82,2458527,8.3,6.54,17.02,10.48
Greece,39.07,21.82,2458534,8.3,6.4,17.15,10.76
Greece,39.07,21.82,2458541,8.3,6.24,17.28,11.05
Greece,39.07,21.82,2458548,10.9,6.07,17.41,11.34
Greece,39.07,21.82,2458555,10.9,5.89,17.53,11.64
Greece,39.07,21.82,2458562,10.9,5.71,17.65,11.94
Greece,39.07,21.82,2458569,10.9,5.52,17.76,12.24
Greece,39.07,21.82,2458576,14.3,5.34,17.87,12.53
Greece,39.07,21.82,2458583,14.3,5.16,17.99,12.83
Greece,39.07,21.82,2458590,14.3,4.99,18.1,13.11
Greece,39.07,21.82,2458597,14.3,4.83,18.21,13.39
Greece,39.07,21.82,2458604,14.3,4.68,18.32,13.65
Greece,39.07,21.82,2458611,18.8,4.54,18.43,13.89
Greece,39.07,21.82,2458618,18.8,4.43,18.54,14.12
Greece,39.07,21.82,2458625,18.8,4.33,18.65,14.31
Greece,39.07,21.82,2458632,18.8,4.26,18.74,14.48
Greece,39.07,21.82,2458639,23.1,4.21,18.82,14.61
Greece,39.07,21.82,2458646,23.1,4.19,18.89,14.7
Greece,39.07,21.82,2458653,23.1,4.19,18.93,14.74
Greece,39.07,21.82,2458660,23.1,4.22,18.96,14.74
Greece,39.07,21.82,2458667,26,4.27,18.96,14.69
Greece,39.07,21.82,2458674,26,4.33,18.93,14.6
Greece,39.07,21.82,2458681,26,4.41,18.88,14.47
Greece,39.07,21.82,2458688,26,4.5,18.8,14.3
Greece,39.07,21.82,2458695,26,4.6,18.7,14.1
Greece,39.07,21.82,2458702,26,4.7,18.58,13.88
Greece,39.07,21.82,2458709,26,4.81,18.45,13.64
Greece,39.07,21.82,2458716,26,4.92,18.29,13.38
Greece,39.07,21.82,2458723,26,5.02,18.12,13.1
Greece,39.07,21.82,2458730,21.9,5.12,17.95,12.82
Greece,39.07,21.82,2458737,21.9,5.23,17.77,12.54
Greece,39.07,21.82,2458744,21.9,5.33,17.58,12.24
Greece,39.07,21.82,2458751,21.9,5.44,17.39,11.95
Greece,39.07,21.82,2458758,17.1,5.55,17.2,11.66
Greece,39.07,21.82,2458765,17.1,5.66,17.02,11.36
Greece,39.07,21.82,2458772,17.1,5.77,16.84,11.07
Greece,39.07,21.82,2458779,17.1,5.89,16.68,10.78
Greece,39.07,21.82,2458786,17.1,6.02,16.53,10.51
Greece,39.07,21.82,2458793,12.7,6.15,16.39,10.24
Greece,39.07,21.82,2458800,12.7,6.28,16.28,10
Greece,39.07,21.82,2458807,12.7,6.41,16.19,9.78
Greece,39.07,21.82,2458814,12.7,6.54,16.13,9.59
Greece,39.07,21.82,2458821,8.4,6.66,16.09,9.43
Greece,39.07,21.82,2458828,8.4,6.76,16.09,9.33
Greece,39.07,21.82,2458835,8.4,6.85,16.11,9.26
Greece,39.07,21.82,2458842,8.4,6.91,16.16,9.26
Greece,39.07,21.82,2458849,8.4,6.94,16.24,9.3
Hungary,47.16,19.5,2458485,-0.7,7.57,15.94,8.37
Hungary,47.16,19.5,2458492,-0.7,7.55,16.07,8.51
Hungary,47.16,19.5,2458499,-0.7,7.5,16.21,8.72
Hungary,47.16,19.5,2458506,-0.7,7.4,16.38,8.98
Hungary,47.16,19.5,2458513,-0.7,7.28,16.56,9.28
Hungary,47.16,19.5,2458520,1.4,7.13,16.74,9.61
Hungary,47.16,19.5,2458527,1.4,6.95,16.92,9.97
Hungary,47.16,19.5,2458534,1.4,6.76,17.1,10.34
Hungary,47.16,19.5,2458541,1.4,6.55,17.28,10.73
Hungary,47.16,19.5,2458548,6.2,6.33,17.45,11.12
Hungary,47.16,19.5,2458555,6.2,6.1,17.62,11.52
Hungary,47.16,19.5,2458562,6.2,5.87,17.79,11.92
Hungary,47.16,19.5,2458569,6.2,5.64,17.95,12.32
Hungary,47.16,19.5,2458576,12,5.41,18.12,12.71
Hungary,47.16,19.5,2458583,12,5.18,18.28,13.1
Hungary,47.16,19.5,2458590,12,4.96,18.44,13.48
Hungary,47.16,19.5,2458597,12,4.75,18.6,13.85
Hungary,47.16,19.5,2458604,12,4.55,18.76,14.2
Hungary,47.16,19.5,2458611,16.6,4.38,18.91,14.54
Hungary,47.16,19.5,2458618,16.6,4.22,19.06,14.84
Hungary,47.16,19.5,2458625,16.6,4.09,19.2,15.11
Hungary,47.16,19.5,2458632,16.6,3.98,19.33,15.34
Hungary,47.16,19.5,2458639,19.9,3.91,19.43,15.52
Hungary,47.16,19.5,2458646,19.9,3.87,19.52,15.65
Hungary,47.16,19.5,2458653,19.9,3.86,19.57,15.71
Hungary,47.16,19.5,2458660,19.9,3.89,19.6,15.71
Hungary,47.16,19.5,2458667,21.7,3.95,19.59,15.64
Hungary,47.16,19.5,2458674,21.7,4.03,19.54,15.51
Hungary,47.16,19.5,2458681,21.7,4.14,19.46,15.33
Hungary,47.16,19.5,2458688,21.7,4.26,19.36,15.09
Hungary,47.16,19.5,2458695,21.7,4.4,19.22,14.82
Hungary,47.16,19.5,2458702,21.5,4.54,19.06,14.52
Hungary,47.16,19.5,2458709,21.5,4.69,18.87,14.19
Hungary,47.16,19.5,2458716,21.5,4.84,18.68,13.84
Hungary,47.16,19.5,2458723,21.5,4.99,18.46,13.47
Hungary,47.16,19.5,2458730,16.5,5.14,18.24,13.1
Hungary,47.16,19.5,2458737,16.5,5.3,18.01,12.71
Hungary,47.16,19.5,2458744,16.5,5.45,17.77,12.32
Hungary,47.16,19.5,2458751,16.5,5.6,17.54,11.93
Hungary,47.16,19.5,2458758,11.3,5.76,17.3,11.54
Hungary,47.16,19.5,2458765,11.3,5.92,17.07,11.15
Hungary,47.16,19.5,2458772,11.3,6.08,16.84,10.76
Hungary,47.16,19.5,2458779,11.3,6.25,16.63,10.38
Hungary,47.16,19.5,2458786,11.3,6.42,16.43,10.01
Hungary,47.16,19.5,2458793,6.1,6.6,16.25,9.65
Hungary,47.16,19.5,2458800,6.1,6.78,16.09,9.32
Hungary,47.16,19.5,2458807,6.1,6.95,15.96,9.02
Hungary,47.16,19.5,2458814,6.1,7.11,15.86,8.75
Hungary,47.16,19.5,2458821,0.6,7.26,15.8,8.54
Hungary,47.16,19.5,2458828,0.6,7.39,15.77,8.39
Hungary,47.16,19.5,2458835,0.6,7.48,15.78,8.3
Hungary,47.16,19.5,2458842,0.6,7.55,15.83,8.29
Hungary,47.16,19.5,2458849,0.6,7.57,15.92,8.35
Iceland,64.96,-19.02,2458485,,12.68,15.97,3.29
Iceland,64.96,-19.02,2458492,,12.45,16.31,3.86
Iceland,64.96,-19.02,2458499,,12.14,16.7,4.56
Iceland,64.96,-19.02,2458506,,11.79,17.13,5.34
Iceland,64.96,-19.02,2458513,,11.41,17.56,6.15
Iceland,64.96,-19.02,2458520,,11.01,17.99,6.98
Iceland,64.96,-19.02,2458527,,10.6,18.41,7.81
Iceland,64.96,-19.02,2458534,,10.18,18.81,8.63
Iceland,64.96,-19.02,2458541,,9.76,19.21,9.44
Iceland,64.96,-19.02,2458548,,9.34,19.58,10.25
Iceland,64.96,-19.02,2458555,,8.91,19.96,11.05
Iceland,64.96,-19.02,2458562,,8.48,20.32,11.84
Iceland,64.96,-19.02,2458569,,8.05,20.68,12.63
Iceland,64.96,-19.02,2458576,,7.62,21.04,13.42
Iceland,64.96,-19.02,2458583,,7.19,21.4,14.2
Iceland,64.96,-19.02,2458590,,6.77,21.76,14.99
Iceland,64.96,-19.02,2458597,,6.35,22.13,15.79
Iceland,64.96,-19.02,2458604,,5.93,22.51,16.58
Iceland,64.96,-19.02,2458611,,5.52,22.9,17.37
Iceland,64.96,-19.02,2458618,,5.13,23.29,18.16
Iceland,64.96,-19.02,2458625,,4.75,23.67,18.92
Iceland,64.96,-19.02,2458632,,4.4,24.04,19.64
Iceland,64.96,-19.02,2458639,,4.1,24.38,20.28
Iceland,64.96,-19.02,2458646,,3.87,24.65,20.78
Iceland,64.96,-19.02,2458653,,3.76,24.81,21.05
Iceland,64.96,-19.02,2458660,,3.79,24.83,21.04
Iceland,64.96,-19.02,2458667,,3.97,24.7,20.74
Iceland,64.96,-19.02,2458674,,4.24,24.47,20.22
Iceland,64.96,-19.02,2458681,,4.58,24.16,19.58
Iceland,64.96,-19.02,2458688,,4.95,23.81,18.86
Iceland,64.96,-19.02,2458695,,5.32,23.43,18.1
Iceland,64.96,-19.02,2458702,,5.7,23.03,17.33
Iceland,64.96,-19.02,2458709,,6.08,22.62,16.54
Iceland,64.96,-19.02,2458716,,6.45,22.2,15.76
Iceland,64.96,-19.02,2458723,,6.81,21.78,14.98
Iceland,64.96,-19.02,2458730,,7.16,21.36,14.2
Iceland,64.96,-19.02,2458737,,7.51,20.93,13.42
Iceland,64.96,-19.02,2458744,,7.86,20.5,12.65
Iceland,64.96,-19.02,2458751,,8.2,20.07,11.87
Iceland,64.96,-19.02,2458758,,8.55,19.64,11.09
Iceland,64.96,-19.02,2458765,,8.91,19.21,10.3
Iceland,64.96,-19.02,2458772,,9.28,18.79,9.51
Iceland,64.96,-19.02,2458779,,9.66,18.36,8.71
Iceland,64.96,-19.02,2458786,,10.05,17.94,7.9
Iceland,64.96,-19.02,2458793,,10.45,17.53,7.08
Iceland,64.96,-19.02,2458800,,10.87,17.13,6.26
Iceland,64.96,-19.02,2458807,,11.3,16.75,5.45
Iceland,64.96,-19.02,2458814,,11.72,16.39,4.67
Iceland,64.96,-19.02,2458821,,12.12,16.07,3.96
Iceland,64.96,-19.02,2458828,,12.46,15.83,3.37
Iceland,64.96,-19.02,2458835,,12.7,15.7,2.99
Iceland,64.96,-19.02,2458842,,12.79,15.73,2.94
Iceland,64.96,-19.02,2458849,,12.71,15.92,3.21
Ireland,53.41,-8.24,2458485,5.6,9.93,17.28,7.35
Ireland,53.41,-8.24,2458492,5.6,9.89,17.43,7.54
Ireland,53.41,-8.24,2458499,5.6,9.8,17.61,7.82
Ireland,53.41,-8.24,2458506,5.6,9.66,17.82,8.16
Ireland,53.41,-8.24,2458513,5.6,9.49,18.04,8.55
Ireland,53.41,-8.24,2458520,5.5,9.29,18.28,8.99
Ireland,53.41,-8.24,2458527,5.5,9.06,18.51,9.45
Ireland,53.41,-8.24,2458534,5.5,8.82,18.74,9.92
Ireland,53.41,-8.24,2458541,5.5,8.56,18.97,10.41
Ireland,53.41,-8.24,2458548,6.7,8.29,19.19,10.9
Ireland,53.41,-8.24,2458555,6.7,8.01,19.41,11.4
Ireland,53.41,-8.24,2458562,6.7,7.73,19.63,11.9
Ireland,53.41,-8.24,2458569,6.7,7.45,19.84,12.4
Ireland,53.41,-8.24,2458576,8.7,7.17,20.05,12.89
Ireland,53.41,-8.24,2458583,8.7,6.89,20.26,13.38
Ireland,53.41,-8.24,2458590,8.7,6.62,20.47,13.85
Ireland,53.41,-8.24,2458597,8.7,6.36,20.68,14.32
Ireland,53.41,-8.24,2458604,8.7,6.12,20.89,14.77
Ireland,53.41,-8.24,2458611,11,5.89,21.09,15.2
Ireland,53.41,-8.24,2458618,11,5.69,21.29,15.6
Ireland,53.41,-8.24,2458625,11,5.51,21.47,15.96
Ireland,53.41,-8.24,2458632,11,5.37,21.63,16.26
Ireland,53.41,-8.24,2458639,13.6,5.27,21.77,16.5
Ireland,53.41,-8.24,2458646,13.6,5.21,21.88,16.67
Ireland,53.41,-8.24,2458653,13.6,5.19,21.94,16.75
Ireland,53.41,-8.24,2458660,13.6,5.22,21.97,16.75
Ireland,53.41,-8.24,2458667,15.1,5.29,21.95,16.66
Ireland,53.41,-8.24,2458674,15.1,5.39,21.88,16.49
Ireland,53.41,-8.24,2458681,15.1,5.53,21.77,16.24
Ireland,53.41,-8.24,2458688,15.1,5.69,21.62,15.93
Ireland,53.41,-8.24,2458695,15.1,5.87,21.44,15.57
Ireland,53.41,-8.24,2458702,14.9,6.06,21.24,15.18
Ireland,53.41,-8.24,2458709,14.9,6.26,21.01,14.75
Ireland,53.41,-8.24,2458716,14.9,6.45,20.76,14.31
Ireland,53.41,-8.24,2458723,14.9,6.65,20.5,13.84
Ireland,53.41,-8.24,2458730,13.3,6.85,20.23,13.37
Ireland,53.41,-8.24,2458737,13.3,7.06,19.95,12.89
Ireland,53.41,-8.24,2458744,13.3,7.26,19.66,12.41
Ireland,53.41,-8.24,2458751,13.3,7.46,19.38,11.92
Ireland,53.41,-8.24,2458758,10.6,7.67,19.09,11.43
Ireland,53.41,-8.24,2458765,10.6,7.87,18.81,10.94
Ireland,53.41,-8.24,2458772,10.6,8.09,18.54,10.45
Ireland,53.41,-8.24,2458779,10.6,8.31,18.27,9.97
Ireland,53.41,-8.24,2458786,10.6,8.53,18.03,9.5
Ireland,53.41,-8.24,2458793,7.6,8.76,17.79,9.04
Ireland,53.41,-8.24,2458800,7.6,8.98,17.59,8.61
Ireland,53.41,-8.24,2458807,7.6,9.2,17.41,8.21
Ireland,53.41,-8.24,2458814,7.6,9.4,17.27,7.87
Ireland,53.41,-8.24,2458821,5.9,9.59,17.17,7.58
Ireland,53.41,-8.24,2458828,5.9,9.74,17.11,7.37
Ireland,53.41,-8.24,2458835,5.9,9.85,17.11,7.26
Ireland,53.41,-8.24,2458842,5.9,9.92,17.16,7.24
Ireland,53.41,-8.24,2458849,5.9,9.93,17.26,7.33
Italy,41.87,12.57,2458485,6.4,7.71,16.73,9.02
Italy,41.87,12.57,2458492,6.4,7.71,16.84,9.13
Italy,41.87,12.57,2458499,6.4,7.67,16.97,9.3
Italy,41.87,12.57,2458506,6.4,7.6,17.11,9.51
Italy,41.87,12.57,2458513,6.4,7.5,17.26,9.75
Italy,41.87,12.57,2458520,6.8,7.38,17.41,10.02
Italy,41.87,12.57,2458527,6.8,7.24,17.56,10.32
Italy,41.87,12.57,2458534,6.8,7.08,17.71,10.63
Italy,41.87,12.57,2458541,6.8,6.9,17.85,10.95
Italy,41.87,12.57,2458548,9.5,6.72,17.99,11.27
Italy,41.87,12.57,2458555,9.5,6.52,18.13,11.6
Italy,41.87,12.57,2458562,9.5,6.33,18.26,11.93
Italy,41.87,12.57,2458569,9.5,6.13,18.39,12.26
Italy,41.87,12.57,2458576,12.8,5.93,18.52,12.59
Italy,41.87,12.57,2458583,12.8,5.73,18.65,12.91
Italy,41.87,12.57,2458590,12.8,5.55,18.77,13.23
Italy,41.87,12.57,2458597,12.8,5.37,18.9,13.53
Italy,41.87,12.57,2458604,12.8,5.21,19.03,13.82
Italy,41.87,12.57,2458611,16.8,5.06,19.15,14.09
Italy,41.87,12.57,2458618,16.8,4.93,19.27,14.34
Italy,41.87,12.57,2458625,16.8,4.82,19.39,14.56
Italy,41.87,12.57,2458632,16.8,4.74,19.49,14.75
Italy,41.87,12.57,2458639,20.9,4.69,19.58,14.9
Italy,41.87,12.57,2458646,20.9,4.66,19.65,14.99
Italy,41.87,12.57,2458653,20.9,4.66,19.7,15.04
Italy,41.87,12.57,2458660,20.9,4.69,19.73,15.04
Italy,41.87,12.57,2458667,23.6,4.74,19.72,14.99
Italy,41.87,12.57,2458674,23.6,4.81,19.69,14.88
Italy,41.87,12.57,2458681,23.6,4.9,19.63,14.74
Italy,41.87,12.57,2458688,23.6,5,19.54,14.55
Italy,41.87,12.57,2458695,23.6,5.11,19.43,14.33
Italy,41.87,12.57,2458702,23.6,5.22,19.3,14.08
Italy,41.87,12.57,2458709,23.6,5.34,19.15,13.81
Italy,41.87,12.57,2458716,23.6,5.46,18.98,13.52
Italy,41.87,12.57,2458723,23.6,5.58,18.8,13.22
Italy,41.87,12.57,2458730,19.7,5.7,18.61,12.91
Italy,41.87,12.57,2458737,19.7,5.82,18.41,12.59
Italy,41.87,12.57,2458744,19.7,5.94,18.21,12.27
Italy,41.87,12.57,2458751,19.7,6.06,18,11.95
Italy,41.87,12.57,2458758,15.9,6.18,17.8,11.62
Italy,41.87,12.57,2458765,15.9,6.31,17.6,11.29
Italy,41.87,12.57,2458772,15.9,6.44,17.41,10.97
Italy,41.87,12.57,2458779,15.9,6.58,17.23,10.66
Italy,41.87,12.57,2458786,15.9,6.71,17.07,10.35
Italy,41.87,12.57,2458793,11.5,6.86,16.92,10.06
Italy,41.87,12.57,2458800,11.5,7,16.79,9.79
Italy,41.87,12.57,2458807,11.5,7.15,16.69,9.54
Italy,41.87,12.57,2458814,11.5,7.29,16.61,9.33
Italy,41.87,12.57,2458821,7.5,7.41,16.57,9.16
Italy,41.87,12.57,2458828,7.5,7.52,16.56,9.03
Italy,41.87,12.57,2458835,7.5,7.61,16.58,8.96
Italy,41.87,12.57,2458842,7.5,7.68,16.63,8.95
Italy,41.87,12.57,2458849,7.5,7.71,16.71,9
Latvia,56.88,24.6,2458485,-4.1,8.12,14.71,6.59
Latvia,56.88,24.6,2458492,-4.1,8.06,14.88,6.83
Latvia,56.88,24.6,2458499,-4.1,7.94,15.09,7.16
Latvia,56.88,24.6,2458506,-4.1,7.77,15.34,7.57
Latvia,56.88,24.6,2458513,-4.1,7.56,15.6,8.03
Latvia,56.88,24.6,2458520,-3.7,7.32,15.86,8.54
Latvia,56.88,24.6,2458527,-3.7,7.06,16.14,9.08
Latvia,56.88,24.6,2458534,-3.7,6.78,16.4,9.63
Latvia,56.88,24.6,2458541,-3.7,6.48,16.67,10.19
Latvia,56.88,24.6,2458548,0,6.18,16.93,10.75
Latvia,56.88,24.6,2458555,0,5.86,17.18,11.32
Latvia,56.88,24.6,2458562,0,5.55,17.43,11.89
Latvia,56.88,24.6,2458569,0,5.23,17.68,12.45
Latvia,56.88,24.6,2458576,6.5,4.91,17.93,13.01
Latvia,56.88,24.6,2458583,6.5,4.6,18.17,13.57
Latvia,56.88,24.6,2458590,6.5,4.3,18.42,14.12
Latvia,56.88,24.6,2458597,6.5,4.01,18.66,14.66
Latvia,56.88,24.6,2458604,6.5,3.73,18.9,15.18
Latvia,56.88,24.6,2458611,12.2,3.46,19.14,15.68
Latvia,56.88,24.6,2458618,12.2,3.23,19.37,16.15
Latvia,56.88,24.6,2458625,12.2,3.02,19.59,16.57
Latvia,56.88,24.6,2458632,12.2,2.84,19.78,16.94
Latvia,56.88,24.6,2458639,15.2,2.71,19.95,17.23
Latvia,56.88,24.6,2458646,15.2,2.63,20.07,17.44
Latvia,56.88,24.6,2458653,15.2,2.61,20.15,17.54
Latvia,56.88,24.6,2458660,15.2,2.64,20.17,17.54
Latvia,56.88,24.6,2458667,18.4,2.72,20.14,17.42
Latvia,56.88,24.6,2458674,18.4,2.84,20.05,17.21
Latvia,56.88,24.6,2458681,18.4,3.01,19.92,16.91
Latvia,56.88,24.6,2458688,18.4,3.2,19.74,16.54
Latvia,56.88,24.6,2458695,18.4,3.41,19.53,16.12
Latvia,56.88,24.6,2458702,17.5,3.63,19.28,15.65
Latvia,56.88,24.6,2458709,17.5,3.87,19.02,15.15
Latvia,56.88,24.6,2458716,17.5,4.1,18.74,14.64
Latvia,56.88,24.6,2458723,17.5,4.33,18.44,14.1
Latvia,56.88,24.6,2458730,12.8,4.57,18.13,13.56
Latvia,56.88,24.6,2458737,12.8,4.8,17.82,13.01
Latvia,56.88,24.6,2458744,12.8,5.04,17.5,12.46
Latvia,56.88,24.6,2458751,12.8,5.28,17.18,11.91
Latvia,56.88,24.6,2458758,7,5.52,16.86,11.35
Latvia,56.88,24.6,2458765,7,5.76,16.55,10.79
Latvia,56.88,24.6,2458772,7,6.01,16.24,10.23
Latvia,56.88,24.6,2458779,7,6.26,15.94,9.68
Latvia,56.88,24.6,2458786,7,6.52,15.66,9.13
Latvia,56.88,24.6,2458793,2.7,6.78,15.39,8.6
Latvia,56.88,24.6,2458800,2.7,7.05,15.14,8.1
Latvia,56.88,24.6,2458807,2.7,7.3,14.93,7.63
Latvia,56.88,24.6,2458814,2.7,7.54,14.75,7.21
Latvia,56.88,24.6,2458821,-1.4,7.75,14.62,6.87
Latvia,56.88,24.6,2458828,-1.4,7.93,14.55,6.62
Latvia,56.88,24.6,2458835,-1.4,8.06,14.53,6.48
Latvia,56.88,24.6,2458842,-1.4,8.12,14.58,6.45
Latvia,56.88,24.6,2458849,-1.4,8.13,14.69,6.56
Liechtenstein,47.17,9.56,2458485,,8.24,16.6,8.37
Liechtenstein,47.17,9.56,2458492,,8.22,16.73,8.51
Liechtenstein,47.17,9.56,2458499,,8.16,16.88,8.72
Liechtenstein,47.17,9.56,2458506,,8.07,17.04,8.97
Liechtenstein,47.17,9.56,2458513,,7.94,17.22,9.28
Liechtenstein,47.17,9.56,2458520,,7.79,17.4,9.61
Liechtenstein,47.17,9.56,2458527,,7.62,17.58,9.97
Liechtenstein,47.17,9.56,2458534,,7.42,17.77,10.34
Liechtenstein,47.17,9.56,2458541,,7.21,17.94,10.73
Liechtenstein,47.17,9.56,2458548,,6.99,18.12,11.12
Liechtenstein,47.17,9.56,2458555,,6.77,18.29,11.52
Liechtenstein,47.17,9.56,2458562,,6.53,18.45,11.92
Liechtenstein,47.17,9.56,2458569,,6.3,18.62,12.32
Liechtenstein,47.17,9.56,2458576,,6.07,18.78,12.71
Liechtenstein,47.17,9.56,2458583,,5.84,18.94,13.1
Liechtenstein,47.17,9.56,2458590,,5.62,19.1,13.48
Liechtenstein,47.17,9.56,2458597,,5.41,19.26,13.85
Liechtenstein,47.17,9.56,2458604,,5.22,19.42,14.2
Liechtenstein,47.17,9.56,2458611,,5.04,19.57,14.54
Liechtenstein,47.17,9.56,2458618,,4.88,19.72,14.84
Liechtenstein,47.17,9.56,2458625,,4.75,19.86,15.11
Liechtenstein,47.17,9.56,2458632,,4.64,19.99,15.35
Liechtenstein,47.17,9.56,2458639,,4.57,20.1,15.53
Liechtenstein,47.17,9.56,2458646,,4.53,20.18,15.65
Liechtenstein,47.17,9.56,2458653,,4.53,20.24,15.71
Liechtenstein,47.17,9.56,2458660,,4.55,20.26,15.71
Liechtenstein,47.17,9.56,2458667,,4.61,20.25,15.64
Liechtenstein,47.17,9.56,2458674,,4.69,20.21,15.51
Liechtenstein,47.17,9.56,2458681,,4.8,20.13,15.33
Liechtenstein,47.17,9.56,2458688,,4.92,20.02,15.09
Liechtenstein,47.17,9.56,2458695,,5.06,19.88,14.82
Liechtenstein,47.17,9.56,2458702,,5.2,19.72,14.52
Liechtenstein,47.17,9.56,2458709,,5.35,19.54,14.19
Liechtenstein,47.17,9.56,2458716,,5.5,19.34,13.84
Liechtenstein,47.17,9.56,2458723,,5.65,19.13,13.47
Liechtenstein,47.17,9.56,2458730,,5.81,18.9,13.1
Liechtenstein,47.17,9.56,2458737,,5.96,18.67,12.71
Liechtenstein,47.17,9.56,2458744,,6.11,18.44,12.33
Liechtenstein,47.17,9.56,2458751,,6.26,18.2,11.93
Liechtenstein,47.17,9.56,2458758,,6.42,17.96,11.54
Liechtenstein,47.17,9.56,2458765,,6.58,17.73,11.15
Liechtenstein,47.17,9.56,2458772,,6.75,17.51,10.76
Liechtenstein,47.17,9.56,2458779,,6.91,17.29,10.38
Liechtenstein,47.17,9.56,2458786,,7.09,17.09,10.01
Liechtenstein,47.17,9.56,2458793,,7.26,16.91,9.65
Liechtenstein,47.17,9.56,2458800,,7.44,16.76,9.32
Liechtenstein,47.17,9.56,2458807,,7.61,16.62,9.01
Liechtenstein,47.17,9.56,2458814,,7.77,16.52,8.75
Liechtenstein,47.17,9.56,2458821,,7.92,16.46,8.54
Liechtenstein,47.17,9.56,2458828,,8.05,16.43,8.38
Liechtenstein,47.17,9.56,2458835,,8.15,16.45,8.3
Liechtenstein,47.17,9.56,2458842,,8.21,16.5,8.29
Liechtenstein,47.17,9.56,2458849,,8.24,16.58,8.35
Lithuania,55.17,23.88,2458485,-3.9,7.97,14.96,6.99
Lithuania,55.17,23.88,2458492,-3.9,7.92,15.12,7.2
Lithuania,55.17,23.88,2458499,-3.9,7.81,15.31,7.5
Lithuania,55.17,23.88,2458506,-3.9,7.66,15.54,7.88
Lithuania,55.17,23.88,2458513,-3.9,7.47,15.78,8.3
Lithuania,55.17,23.88,2458520,-3.2,7.26,16.03,8.77
Lithuania,55.17,23.88,2458527,-3.2,7.01,16.28,9.27
Lithuania,55.17,23.88,2458534,-3.2,6.75,16.53,9.78
Lithuania,55.17,23.88,2458541,-3.2,6.47,16.77,10.3
Lithuania,55.17,23.88,2458548,0.9,6.19,17.02,10.83
Lithuania,55.17,23.88,2458555,0.9,5.89,17.25,11.36
Lithuania,55.17,23.88,2458562,0.9,5.59,17.48,11.89
Lithuania,55.17,23.88,2458569,0.9,5.29,17.71,12.42
Lithuania,55.17,23.88,2458576,7.6,4.99,17.94,12.95
Lithuania,55.17,23.88,2458583,7.6,4.7,18.17,13.47
Lithuania,55.17,23.88,2458590,7.6,4.41,18.4,13.98
Lithuania,55.17,23.88,2458597,7.6,4.14,18.62,14.48
Lithuania,55.17,23.88,2458604,7.6,3.88,18.85,14.97
Lithuania,55.17,23.88,2458611,13.1,3.64,19.07,15.43
Lithuania,55.17,23.88,2458618,13.1,3.42,19.28,15.86
Lithuania,55.17,23.88,2458625,13.1,3.23,19.48,16.25
Lithuania,55.17,23.88,2458632,13.1,3.07,19.66,16.59
Lithuania,55.17,23.88,2458639,15.9,2.95,19.81,16.85
Lithuania,55.17,23.88,2458646,15.9,2.88,19.92,17.04
Lithuania,55.17,23.88,2458653,15.9,2.86,19.99,17.13
Lithuania,55.17,23.88,2458660,15.9,2.89,20.01,17.12
Lithuania,55.17,23.88,2458667,18.8,2.96,19.99,17.02
Lithuania,55.17,23.88,2458674,18.8,3.08,19.91,16.83
Lithuania,55.17,23.88,2458681,18.8,3.23,19.79,16.56
Lithuania,55.17,23.88,2458688,18.8,3.4,19.63,16.22
Lithuania,55.17,23.88,2458695,18.8,3.6,19.43,15.83
Lithuania,55.17,23.88,2458702,18,3.8,19.21,15.4
Lithuania,55.17,23.88,2458709,18,4.02,18.96,14.95
Lithuania,55.17,23.88,2458716,18,4.23,18.7,14.47
Lithuania,55.17,23.88,2458723,18,4.45,18.42,13.97
Lithuania,55.17,23.88,2458730,13.2,4.67,18.13,13.46
Lithuania,55.17,23.88,2458737,13.2,4.88,17.84,12.95
Lithuania,55.17,23.88,2458744,13.2,5.1,17.53,12.43
Lithuania,55.17,23.88,2458751,13.2,5.32,17.23,11.91
Lithuania,55.17,23.88,2458758,7.4,5.54,16.93,11.39
Lithuania,55.17,23.88,2458765,7.4,5.77,16.63,10.87
Lithuania,55.17,23.88,2458772,7.4,6,16.34,10.34
Lithuania,55.17,23.88,2458779,7.4,6.24,16.06,9.83
Lithuania,55.17,23.88,2458786,7.4,6.48,15.8,9.32
Lithuania,55.17,23.88,2458793,3.1,6.72,15.55,8.83
Lithuania,55.17,23.88,2458800,3.1,6.96,15.32,8.36
Lithuania,55.17,23.88,2458807,3.1,7.2,15.13,7.93
Lithuania,55.17,23.88,2458814,3.1,7.42,14.97,7.55
Lithuania,55.17,23.88,2458821,-1.2,7.62,14.86,7.24
Lithuania,55.17,23.88,2458828,-1.2,7.78,14.79,7.01
Lithuania,55.17,23.88,2458835,-1.2,7.9,14.78,6.89
Lithuania,55.17,23.88,2458842,-1.2,7.96,14.83,6.87
Lithuania,55.17,23.88,2458849,-1.2,7.98,14.94,6.96
Luxembourg,49.82,6.13,2458485,,8.66,16.64,7.98
Luxembourg,49.82,6.13,2458492,,8.63,16.77,8.14
Luxembourg,49.82,6.13,2458499,,8.56,16.93,8.37
Luxembourg,49.82,6.13,2458506,,8.45,17.11,8.66
Luxembourg,49.82,6.13,2458513,,8.31,17.31,9
Luxembourg,49.82,6.13,2458520,,8.14,17.51,9.37
Luxembourg,49.82,6.13,2458527,,7.95,17.71,9.76
Luxembourg,49.82,6.13,2458534,,7.73,17.91,10.18
Luxembourg,49.82,6.13,2458541,,7.5,18.11,10.6
Luxembourg,49.82,6.13,2458548,,7.26,18.3,11.04
Luxembourg,49.82,6.13,2458555,,7.02,18.49,11.47
Luxembourg,49.82,6.13,2458562,,6.77,18.68,11.91
Luxembourg,49.82,6.13,2458569,,6.51,18.86,12.35
Luxembourg,49.82,6.13,2458576,,6.26,19.04,12.78
Luxembourg,49.82,6.13,2458583,,6.01,19.22,13.21
Luxembourg,49.82,6.13,2458590,,5.78,19.4,13.63
Luxembourg,49.82,6.13,2458597,,5.55,19.58,14.03
Luxembourg,49.82,6.13,2458604,,5.33,19.76,14.43
Luxembourg,49.82,6.13,2458611,,5.14,19.93,14.8
Luxembourg,49.82,6.13,2458618,,4.96,20.1,15.14
Luxembourg,49.82,6.13,2458625,,4.81,20.25,15.44
Luxembourg,49.82,6.13,2458632,,4.7,20.39,15.7
Luxembourg,49.82,6.13,2458639,,4.61,20.51,15.9
Luxembourg,49.82,6.13,2458646,,4.56,20.61,16.04
Luxembourg,49.82,6.13,2458653,,4.55,20.66,16.11
Luxembourg,49.82,6.13,2458660,,4.58,20.69,16.11
Luxembourg,49.82,6.13,2458667,,4.64,20.67,16.03
Luxembourg,49.82,6.13,2458674,,4.74,20.62,15.89
Luxembourg,49.82,6.13,2458681,,4.85,20.53,15.68
Luxembourg,49.82,6.13,2458688,,4.99,20.41,15.42
Luxembourg,49.82,6.13,2458695,,5.14,20.26,15.11
Luxembourg,49.82,6.13,2458702,,5.3,20.08,14.77
Luxembourg,49.82,6.13,2458709,,5.47,19.88,14.41
Luxembourg,49.82,6.13,2458716,,5.64,19.66,14.02
Luxembourg,49.82,6.13,2458723,,5.81,19.43,13.62
Luxembourg,49.82,6.13,2458730,,5.98,19.18,13.2
Luxembourg,49.82,6.13,2458737,,6.15,18.93,12.78
Luxembourg,49.82,6.13,2458744,,6.32,18.68,12.36
Luxembourg,49.82,6.13,2458751,,6.5,18.42,11.93
Luxembourg,49.82,6.13,2458758,,6.67,18.17,11.5
Luxembourg,49.82,6.13,2458765,,6.85,17.92,11.07
Luxembourg,49.82,6.13,2458772,,7.04,17.67,10.64
Luxembourg,49.82,6.13,2458779,,7.22,17.44,10.22
Luxembourg,49.82,6.13,2458786,,7.42,17.22,9.81
Luxembourg,49.82,6.13,2458793,,7.61,17.02,9.41
Luxembourg,49.82,6.13,2458800,,7.8,16.85,9.04
Luxembourg,49.82,6.13,2458807,,7.99,16.7,8.7
Luxembourg,49.82,6.13,2458814,,8.17,16.58,8.41
Luxembourg,49.82,6.13,2458821,,8.33,16.5,8.17
Luxembourg,49.82,6.13,2458828,,8.47,16.47,8
Luxembourg,49.82,6.13,2458835,,8.57,16.47,7.9
Luxembourg,49.82,6.13,2458842,,8.64,16.53,7.89
Luxembourg,49.82,6.13,2458849,,8.66,16.62,7.96
Malta,35.94,14.38,2458485,,7.29,16.9,9.61
Malta,35.94,14.38,2458492,,7.3,17,9.7
Malta,35.94,14.38,2458499,,7.28,17.11,9.83
Malta,35.94,14.38,2458506,,7.23,17.23,10
Malta,35.94,14.38,2458513,,7.16,17.35,10.19
Malta,35.94,14.38,2458520,,7.07,17.48,10.41
Malta,35.94,14.38,2458527,,6.96,17.6,10.64
Malta,35.94,14.38,2458534,,6.83,17.72,10.89
Malta,35.94,14.38,2458541,,6.68,17.83,11.15
Malta,35.94,14.38,2458548,,6.53,17.94,11.41
Malta,35.94,14.38,2458555,,6.37,18.04,11.68
Malta,35.94,14.38,2458562,,6.2,18.14,11.95
Malta,35.94,14.38,2458569,,6.03,18.24,12.21
Malta,35.94,14.38,2458576,,5.86,18.34,12.48
Malta,35.94,14.38,2458583,,5.7,18.44,12.74
Malta,35.94,14.38,2458590,,5.54,18.53,12.99
Malta,35.94,14.38,2458597,,5.4,18.63,13.24
Malta,35.94,14.38,2458604,,5.26,18.73,13.47
Malta,35.94,14.38,2458611,,5.14,18.83,13.69
Malta,35.94,14.38,2458618,,5.04,18.92,13.89
Malta,35.94,14.38,2458625,,4.95,19.01,14.06
Malta,35.94,14.38,2458632,,4.89,19.1,14.21
Malta,35.94,14.38,2458639,,4.85,19.17,14.32
Malta,35.94,14.38,2458646,,4.84,19.23,14.4
Malta,35.94,14.38,2458653,,4.84,19.28,14.44
Malta,35.94,14.38,2458660,,4.87,19.3,14.44
Malta,35.94,14.38,2458667,,4.91,19.31,14.39
Malta,35.94,14.38,2458674,,4.97,19.28,14.31
Malta,35.94,14.38,2458681,,5.04,19.24,14.2
Malta,35.94,14.38,2458688,,5.13,19.17,14.05
Malta,35.94,14.38,2458695,,5.21,19.09,13.87
Malta,35.94,14.38,2458702,,5.3,18.98,13.67
Malta,35.94,14.38,2458709,,5.39,18.85,13.46
Malta,35.94,14.38,2458716,,5.49,18.71,13.23
Malta,35.94,14.38,2458723,,5.58,18.56,12.99
Malta,35.94,14.38,2458730,,5.66,18.4,12.74
Malta,35.94,14.38,2458737,,5.75,18.23,12.48
Malta,35.94,14.38,2458744,,5.84,18.06,12.22
Malta,35.94,14.38,2458751,,5.93,17.89,11.96
Malta,35.94,14.38,2458758,,6.02,17.72,11.69
Malta,35.94,14.38,2458765,,6.12,17.55,11.43
Malta,35.94,14.38,2458772,,6.22,17.39,11.17
Malta,35.94,14.38,2458779,,6.32,17.24,10.92
Malta,35.94,14.38,2458786,,6.43,17.1,10.67
Malta,35.94,14.38,2458793,,6.55,16.98,10.44
Malta,35.94,14.38,2458800,,6.67,16.88,10.22
Malta,35.94,14.38,2458807,,6.79,16.81,10.02
Malta,35.94,14.38,2458814,,6.9,16.75,9.85
Malta,35.94,14.38,2458821,,7.01,16.73,9.72
Malta,35.94,14.38,2458828,,7.11,16.73,9.62
Malta,35.94,14.38,2458835,,7.19,16.76,9.57
Malta,35.94,14.38,2458842,,7.25,16.81,9.56
Malta,35.94,14.38,2458849,,7.29,16.89,9.6
Netherlands,52.13,5.29,2458485,3.7,8.91,16.5,7.59
Netherlands,52.13,5.29,2458492,3.7,8.87,16.64,7.77
Netherlands,52.13,5.29,2458499,3.7,8.79,16.82,8.03
Netherlands,52.13,5.29,2458506,3.7,8.66,17.01,8.35
Netherlands,52.13,5.29,2458513,3.7,8.5,17.23,8.72
Netherlands,52.13,5.29,2458520,3.8,8.32,17.45,9.13
Netherlands,52.13,5.29,2458527,3.8,8.1,17.67,9.57
Netherlands,52.13,5.29,2458534,3.8,7.87,17.89,10.02
Netherlands,52.13,5.29,2458541,3.8,7.62,18.1,10.48
Netherlands,52.13,5.29,2458548,6.2,7.36,18.32,10.95
Netherlands,52.13,5.29,2458555,6.2,7.1,18.52,11.43
Netherlands,52.13,5.29,2458562,6.2,6.83,18.73,11.9
Netherlands,52.13,5.29,2458569,6.2,6.55,18.93,12.38
Netherlands,52.13,5.29,2458576,9.5,6.28,19.13,12.85
Netherlands,52.13,5.29,2458583,9.5,6.02,19.33,13.31
Netherlands,52.13,5.29,2458590,9.5,5.76,19.53,13.77
Netherlands,52.13,5.29,2458597,9.5,5.51,19.73,14.21
Netherlands,52.13,5.29,2458604,9.5,5.28,19.92,14.64
Netherlands,52.13,5.29,2458611,13.2,5.07,20.11,15.05
Netherlands,52.13,5.29,2458618,13.2,4.87,20.3,15.42
Netherlands,52.13,5.29,2458625,13.2,4.71,20.47,15.76
Netherlands,52.13,5.29,2458632,13.2,4.58,20.63,16.05
Netherlands,52.13,5.29,2458639,15.8,4.48,20.76,16.27
Netherlands,52.13,5.29,2458646,15.8,4.43,20.86,16.43
Netherlands,52.13,5.29,2458653,15.8,4.41,20.92,16.51
Netherlands,52.13,5.29,2458660,15.8,4.44,20.94,16.5
Netherlands,52.13,5.29,2458667,18,4.5,20.92,16.42
Netherlands,52.13,5.29,2458674,18,4.61,20.86,16.26
Netherlands,52.13,5.29,2458681,18,4.74,20.76,16.03
Netherlands,52.13,5.29,2458688,18,4.89,20.62,15.74
Netherlands,52.13,5.29,2458695,18,5.06,20.45,15.4
Netherlands,52.13,5.29,2458702,17.8,5.23,20.26,15.03
Netherlands,52.13,5.29,2458709,17.8,5.42,20.04,14.62
Netherlands,52.13,5.29,2458716,17.8,5.61,19.8,14.2
Netherlands,52.13,5.29,2458723,17.8,5.79,19.55,13.76
Netherlands,52.13,5.29,2458730,14.8,5.98,19.29,13.31
Netherlands,52.13,5.29,2458737,14.8,6.17,19.02,12.85
Netherlands,52.13,5.29,2458744,14.8,6.36,18.75,12.39
Netherlands,52.13,5.29,2458751,14.8,6.56,18.48,11.92
Netherlands,52.13,5.29,2458758,11.2,6.75,18.2,11.45
Netherlands,52.13,5.29,2458765,11.2,6.95,17.93,10.99
Netherlands,52.13,5.29,2458772,11.2,7.15,17.67,10.52
Netherlands,52.13,5.29,2458779,11.2,7.36,17.42,10.06
Netherlands,52.13,5.29,2458786,11.2,7.57,17.18,9.61
Netherlands,52.13,5.29,2458793,7.6,7.78,16.96,9.18
Netherlands,52.13,5.29,2458800,7.6,8,16.77,8.77
Netherlands,52.13,5.29,2458807,7.6,8.2,16.6,8.4
Netherlands,52.13,5.29,2458814,7.6,8.4,16.47,8.07
Netherlands,52.13,5.29,2458821,4.7,8.57,16.38,7.8
Netherlands,52.13,5.29,2458828,4.7,8.72,16.33,7.61
Netherlands,52.13,5.29,2458835,4.7,8.83,16.33,7.5
Netherlands,52.13,5.29,2458842,4.7,8.89,16.38,7.49
Netherlands,52.13,5.29,2458849,4.7,8.91,16.48,7.57
Poland,51.92,19.15,2458485,-1.6,7.97,15.59,7.63
Poland,51.92,19.15,2458492,-1.6,7.93,15.74,7.81
Poland,51.92,19.15,2458499,-1.6,7.85,15.91,8.06
Poland,51.92,19.15,2458506,-1.6,7.73,16.1,8.38
Poland,51.92,19.15,2458513,-1.6,7.57,16.32,8.75
Poland,51.92,19.15,2458520,-0.3,7.38,16.53,9.15
Poland,51.92,19.15,2458527,-0.3,7.17,16.75,9.58
Poland,51.92,19.15,2458534,-0.3,6.94,16.97,10.03
Poland,51.92,19.15,2458541,-0.3,6.69,17.19,10.49
Poland,51.92,19.15,2458548,3.6,6.43,17.4,10.96
Poland,51.92,19.15,2458555,3.6,6.17,17.6,11.43
Poland,51.92,19.15,2458562,3.6,5.9,17.81,11.9
Poland,51.92,19.15,2458569,3.6,5.63,18.01,12.37
Poland,51.92,19.15,2458576,9,5.36,18.2,12.84
Poland,51.92,19.15,2458583,9,5.1,18.4,13.3
Poland,51.92,19.15,2458590,9,4.84,18.6,13.76
Poland,51.92,19.15,2458597,9,4.6,18.79,14.2
Poland,51.92,19.15,2458604,9,4.37,18.99,14.62
Poland,51.92,19.15,2458611,14.2,4.15,19.18,15.02
Poland,51.92,19.15,2458618,14.2,3.96,19.36,15.4
Poland,51.92,19.15,2458625,14.2,3.8,19.53,15.73
Poland,51.92,19.15,2458632,14.2,3.67,19.68,16.01
Poland,51.92,19.15,2458639,16.9,3.58,19.81,16.24
Poland,51.92,19.15,2458646,16.9,3.52,19.91,16.39
Poland,51.92,19.15,2458653,16.9,3.51,19.98,16.47
Poland,51.92,19.15,2458660,16.9,3.53,20,16.47
Poland,51.92,19.15,2458667,19.3,3.6,19.98,16.38
Poland,51.92,19.15,2458674,19.3,3.7,19.92,16.22
Poland,51.92,19.15,2458681,19.3,3.83,19.82,15.99
Poland,51.92,19.15,2458688,19.3,3.98,19.68,15.71
Poland,51.92,19.15,2458695,19.3,4.15,19.52,15.37
Poland,51.92,19.15,2458702,18.8,4.32,19.32,15
Poland,51.92,19.15,2458709,18.8,4.5,19.11,14.6
Poland,51.92,19.15,2458716,18.8,4.69,18.87,14.18
Poland,51.92,19.15,2458723,18.8,4.88,18.62,13.75
Poland,51.92,19.15,2458730,14.1,5.07,18.36,13.3
Poland,51.92,19.15,2458737,14.1,5.25,18.1,12.84
Poland,51.92,19.15,2458744,14.1,5.44,17.83,12.38
Poland,51.92,19.15,2458751,14.1,5.63,17.55,11.92
Poland,51.92,19.15,2458758,9.2,5.82,17.28,11.46
Poland,51.92,19.15,2458765,9.2,6.02,17.01,10.99
Poland,51.92,19.15,2458772,9.2,6.22,16.75,10.53
Poland,51.92,19.15,2458779,9.2,6.43,16.5,10.08
Poland,51.92,19.15,2458786,9.2,6.64,16.27,9.63
Poland,51.92,19.15,2458793,4.6,6.85,16.05,9.2
Poland,51.92,19.15,2458800,4.6,7.06,15.86,8.8
Poland,51.92,19.15,2458807,4.6,7.26,15.69,8.43
Poland,51.92,19.15,2458814,4.6,7.46,15.56,8.1
Poland,51.92,19.15,2458821,0.5,7.63,15.47,7.84
Poland,51.92,19.15,2458828,0.5,7.78,15.43,7.65
Poland,51.92,19.15,2458835,0.5,7.89,15.43,7.54
Poland,51.92,19.15,2458842,0.5,7.95,15.48,7.53
Poland,51.92,19.15,2458849,0.5,7.97,15.57,7.6
Portugal,39.4,-8.22,2458485,-1.6,8.97,18.24,9.28
Portugal,39.4,-8.22,2458492,-1.6,8.97,18.35,9.38
Portugal,39.4,-8.22,2458499,-1.6,8.94,18.47,9.53
Portugal,39.4,-8.22,2458506,-1.6,8.88,18.6,9.72
Portugal,39.4,-8.22,2458513,-1.6,8.79,18.74,9.94
Portugal,39.4,-8.22,2458520,-0.3,8.68,18.88,10.19
Portugal,39.4,-8.22,2458527,-0.3,8.55,19.02,10.46
Portugal,39.4,-8.22,2458534,-0.3,8.41,19.15,10.74
Portugal,39.4,-8.22,2458541,-0.3,8.25,19.28,11.03
Portugal,39.4,-8.22,2458548,3.6,8.07,19.41,11.33
Portugal,39.4,-8.22,2458555,3.6,7.89,19.53,11.64
Portugal,39.4,-8.22,2458562,3.6,7.71,19.65,11.94
Portugal,39.4,-8.22,2458569,3.6,7.52,19.76,12.24
Portugal,39.4,-8.22,2458576,9,7.34,19.88,12.54
Portugal,39.4,-8.22,2458583,9,7.16,19.99,12.84
Portugal,39.4,-8.22,2458590,9,6.98,20.11,13.12
Portugal,39.4,-8.22,2458597,9,6.82,20.22,13.4
Portugal,39.4,-8.22,2458604,9,6.67,20.34,13.67
Portugal,39.4,-8.22,2458611,14.2,6.53,20.45,13.92
Portugal,39.4,-8.22,2458618,14.2,6.42,20.56,14.14
Portugal,39.4,-8.22,2458625,14.2,6.32,20.66,14.34
Portugal,39.4,-8.22,2458632,14.2,6.25,20.76,14.51
Portugal,39.4,-8.22,2458639,16.9,6.2,20.84,14.64
Portugal,39.4,-8.22,2458646,16.9,6.18,20.91,14.73
Portugal,39.4,-8.22,2458653,16.9,6.18,20.95,14.78
Portugal,39.4,-8.22,2458660,16.9,6.2,20.98,14.77
Portugal,39.4,-8.22,2458667,19.3,6.25,20.98,14.73
Portugal,39.4,-8.22,2458674,19.3,6.32,20.95,14.63
Portugal,39.4,-8.22,2458681,19.3,6.4,20.9,14.5
Portugal,39.4,-8.22,2458688,19.3,6.49,20.82,14.33
Portugal,39.4,-8.22,2458695,19.3,6.59,20.72,14.13
Portugal,39.4,-8.22,2458702,18.8,6.7,20.6,13.9
Portugal,39.4,-8.22,2458709,18.8,6.8,20.46,13.66
Portugal,39.4,-8.22,2458716,18.8,6.91,20.3,13.39
Portugal,39.4,-8.22,2458723,18.8,7.02,20.13,13.12
Portugal,39.4,-8.22,2458730,14.1,7.12,19.96,12.83
Portugal,39.4,-8.22,2458737,14.1,7.23,19.77,12.54
Portugal,39.4,-8.22,2458744,14.1,7.33,19.58,12.25
Portugal,39.4,-8.22,2458751,14.1,7.44,19.39,11.95
Portugal,39.4,-8.22,2458758,9.2,7.55,19.2,11.65
Portugal,39.4,-8.22,2458765,9.2,7.67,19.02,11.35
Portugal,39.4,-8.22,2458772,9.2,7.78,18.84,11.06
Portugal,39.4,-8.22,2458779,9.2,7.9,18.67,10.77
Portugal,39.4,-8.22,2458786,9.2,8.03,18.52,10.49
Portugal,39.4,-8.22,2458793,4.6,8.16,18.39,10.22
Portugal,39.4,-8.22,2458800,4.6,8.29,18.27,9.98
Portugal,39.4,-8.22,2458807,4.6,8.43,18.18,9.75
Portugal,39.4,-8.22,2458814,4.6,8.56,18.11,9.56
Portugal,39.4,-8.22,2458821,0.5,8.67,18.08,9.4
Portugal,39.4,-8.22,2458828,0.5,8.78,18.07,9.29
Portugal,39.4,-8.22,2458835,0.5,8.87,18.1,9.23
Portugal,39.4,-8.22,2458842,0.5,8.93,18.15,9.22
Portugal,39.4,-8.22,2458849,0.5,8.96,18.23,9.27
Romania,45.94,24.97,2458485,-2.2,7.13,15.66,8.53
Romania,45.94,24.97,2458492,-2.2,7.11,15.78,8.67
Romania,45.94,24.97,2458499,-2.2,7.06,15.92,8.86
Romania,45.94,24.97,2458506,-2.2,6.97,16.08,9.11
Romania,45.94,24.97,2458513,-2.2,6.86,16.25,9.4
Romania,45.94,24.97,2458520,-0.3,6.71,16.43,9.71
Romania,45.94,24.97,2458527,-0.3,6.54,16.6,10.06
Romania,45.94,24.97,2458534,-0.3,6.36,16.77,10.41
Romania,45.94,24.97,2458541,-0.3,6.16,16.94,10.78
Romania,45.94,24.97,2458548,4.6,5.95,17.11,11.16
Romania,45.94,24.97,2458555,4.6,5.73,17.27,11.54
Romania,45.94,24.97,2458562,4.6,5.5,17.43,11.92
Romania,45.94,24.97,2458569,4.6,5.28,17.58,12.3
Romania,45.94,24.97,2458576,10.6,5.06,17.74,12.68
Romania,45.94,24.97,2458583,10.6,4.84,17.89,13.05
Romania,45.94,24.97,2458590,10.6,4.62,18.04,13.42
Romania,45.94,24.97,2458597,10.6,4.42,18.19,13.77
Romania,45.94,24.97,2458604,10.6,4.24,18.34,14.11
Romania,45.94,24.97,2458611,15.7,4.07,18.49,14.43
Romania,45.94,24.97,2458618,15.7,3.92,18.63,14.72
Romania,45.94,24.97,2458625,15.7,3.79,18.77,14.98
Romania,45.94,24.97,2458632,15.7,3.69,18.89,15.2
Romania,45.94,24.97,2458639,19.1,3.62,18.99,15.37
Romania,45.94,24.97,2458646,19.1,3.59,19.07,15.48
Romania,45.94,24.97,2458653,19.1,3.58,19.12,15.54
Romania,45.94,24.97,2458660,19.1,3.61,19.15,15.54
Romania,45.94,24.97,2458667,21.1,3.66,19.14,15.48
Romania,45.94,24.97,2458674,21.1,3.75,19.1,15.35
Romania,45.94,24.97,2458681,21.1,3.85,19.03,15.18
Romania,45.94,24.97,2458688,21.1,3.96,18.92,14.96
Romania,45.94,24.97,2458695,21.1,4.09,18.79,14.7
Romania,45.94,24.97,2458702,21,4.23,18.64,14.41
Romania,45.94,24.97,2458709,21,4.37,18.46,14.09
Romania,45.94,24.97,2458716,21,4.51,18.27,13.76
Romania,45.94,24.97,2458723,21,4.66,18.07,13.41
Romania,45.94,24.97,2458730,16,4.8,17.85,13.05
Romania,45.94,24.97,2458737,16,4.95,17.63,12.68
Romania,45.94,24.97,2458744,16,5.09,17.4,12.31
Romania,45.94,24.97,2458751,16,5.24,17.17,11.94
Romania,45.94,24.97,2458758,10.3,5.38,16.95,11.56
Romania,45.94,24.97,2458765,10.3,5.54,16.72,11.19
Romania,45.94,24.97,2458772,10.3,5.69,16.51,10.81
Romania,45.94,24.97,2458779,10.3,5.85,16.3,10.45
Romania,45.94,24.97,2458786,10.3,6.02,16.11,10.09
Romania,45.94,24.97,2458793,5.2,6.18,15.94,9.75
Romania,45.94,24.97,2458800,5.2,6.35,15.79,9.43
Romania,45.94,24.97,2458807,5.2,6.52,15.66,9.15
Romania,45.94,24.97,2458814,5.2,6.67,15.57,8.9
Romania,45.94,24.97,2458821,-0.4,6.82,15.51,8.69
Romania,45.94,24.97,2458828,-0.4,6.94,15.49,8.55
Romania,45.94,24.97,2458835,-0.4,7.03,15.5,8.47
Romania,45.94,24.97,2458842,-0.4,7.1,15.55,8.46
Romania,45.94,24.97,2458849,-0.4,7.13,15.64,8.51
Slovakia,48.67,19.7,2458485,-3.2,7.67,15.82,8.15
Slovakia,48.67,19.7,2458492,-3.2,7.64,15.95,8.31
Slovakia,48.67,19.7,2458499,-3.2,7.58,16.1,8.53
Slovakia,48.67,19.7,2458506,-3.2,7.48,16.28,8.8
Slovakia,48.67,19.7,2458513,-3.2,7.34,16.47,9.12
Slovakia,48.67,19.7,2458520,-1.4,7.18,16.66,9.48
Slovakia,48.67,19.7,2458527,-1.4,7,16.85,9.86
Slovakia,48.67,19.7,2458534,-1.4,6.79,17.04,10.25
Slovakia,48.67,19.7,2458541,-1.4,6.57,17.23,10.66
Slovakia,48.67,19.7,2458548,2.8,6.34,17.42,11.08
Slovakia,48.67,19.7,2458555,2.8,6.1,17.6,11.49
Slovakia,48.67,19.7,2458562,2.8,5.86,17.77,11.91
Slovakia,48.67,19.7,2458569,2.8,5.62,17.95,12.33
Slovakia,48.67,19.7,2458576,8.6,5.37,18.12,12.75
Slovakia,48.67,19.7,2458583,8.6,5.13,18.29,13.16
Slovakia,48.67,19.7,2458590,8.6,4.9,18.46,13.56
Slovakia,48.67,19.7,2458597,8.6,4.68,18.64,13.95
Slovakia,48.67,19.7,2458604,8.6,4.48,18.8,14.33
Slovakia,48.67,19.7,2458611,13.2,4.29,18.97,14.68
Slovakia,48.67,19.7,2458618,13.2,4.12,19.13,15
Slovakia,48.67,19.7,2458625,13.2,3.98,19.28,15.29
Slovakia,48.67,19.7,2458632,13.2,3.87,19.41,15.54
Slovakia,48.67,19.7,2458639,16.3,3.79,19.52,15.73
Slovakia,48.67,19.7,2458646,16.3,3.75,19.61,15.86
Slovakia,48.67,19.7,2458653,16.3,3.74,19.67,15.93
Slovakia,48.67,19.7,2458660,16.3,3.77,19.69,15.93
Slovakia,48.67,19.7,2458667,18.2,3.83,19.68,15.85
Slovakia,48.67,19.7,2458674,18.2,3.91,19.63,15.72
Slovakia,48.67,19.7,2458681,18.2,4.03,19.55,15.52
Slovakia,48.67,19.7,2458688,18.2,4.16,19.43,15.27
Slovakia,48.67,19.7,2458695,18.2,4.3,19.29,14.98
Slovakia,48.67,19.7,2458702,18,4.46,19.12,14.66
Slovakia,48.67,19.7,2458709,18,4.61,18.92,14.31
Slovakia,48.67,19.7,2458716,18,4.78,18.71,13.94
Slovakia,48.67,19.7,2458723,18,4.94,18.49,13.55
Slovakia,48.67,19.7,2458730,13.2,5.1,18.26,13.16
Slovakia,48.67,19.7,2458737,13.2,5.26,18.01,12.75
Slovakia,48.67,19.7,2458744,13.2,5.43,17.77,12.34
Slovakia,48.67,19.7,2458751,13.2,5.59,17.52,11.93
Slovakia,48.67,19.7,2458758,8.5,5.76,17.27,11.52
Slovakia,48.67,19.7,2458765,8.5,5.93,17.03,11.1
Slovakia,48.67,19.7,2458772,8.5,6.1,16.8,10.69
Slovakia,48.67,19.7,2458779,8.5,6.28,16.57,10.29
Slovakia,48.67,19.7,2458786,8.5,6.47,16.36,9.9
Slovakia,48.67,19.7,2458793,3.5,6.65,16.17,9.52
Slovakia,48.67,19.7,2458800,3.5,6.84,16,9.17
Slovakia,48.67,19.7,2458807,3.5,7.02,15.86,8.84
Slovakia,48.67,19.7,2458814,3.5,7.19,15.75,8.56
Slovakia,48.67,19.7,2458821,-1.8,7.35,15.68,8.34
Slovakia,48.67,19.7,2458828,-1.8,7.48,15.65,8.17
Slovakia,48.67,19.7,2458835,-1.8,7.58,15.66,8.08
Slovakia,48.67,19.7,2458842,-1.8,7.64,15.71,8.07
Slovakia,48.67,19.7,2458849,-1.8,7.67,15.8,8.13
Slovenia,46.15,15,2458485,-0.6,7.81,16.31,8.5
Slovenia,46.15,15,2458492,-0.6,7.79,16.43,8.64
Slovenia,46.15,15,2458499,-0.6,7.74,16.57,8.84
Slovenia,46.15,15,2458506,-0.6,7.65,16.73,9.09
Slovenia,46.15,15,2458513,-0.6,7.53,16.91,9.38
Slovenia,46.15,15,2458520,1.3,7.39,17.08,9.7
Slovenia,46.15,15,2458527,1.3,7.22,17.26,10.04
Slovenia,46.15,15,2458534,1.3,7.03,17.43,10.4
Slovenia,46.15,15,2458541,1.3,6.83,17.6,10.77
Slovenia,46.15,15,2458548,5.7,6.62,17.77,11.15
Slovenia,46.15,15,2458555,5.7,6.39,17.93,11.54
Slovenia,46.15,15,2458562,5.7,6.17,18.09,11.92
Slovenia,46.15,15,2458569,5.7,5.94,18.25,12.31
Slovenia,46.15,15,2458576,10.7,5.72,18.4,12.69
Slovenia,46.15,15,2458583,10.7,5.5,18.56,13.06
Slovenia,46.15,15,2458590,10.7,5.28,18.71,13.43
Slovenia,46.15,15,2458597,10.7,5.08,18.86,13.78
Slovenia,46.15,15,2458604,10.7,4.89,19.02,14.12
Slovenia,46.15,15,2458611,15.1,4.72,19.17,14.44
Slovenia,46.15,15,2458618,15.1,4.57,19.31,14.74
Slovenia,46.15,15,2458625,15.1,4.44,19.44,15
Slovenia,46.15,15,2458632,15.1,4.34,19.56,15.22
Slovenia,46.15,15,2458639,18.6,4.28,19.67,15.39
Slovenia,46.15,15,2458646,18.6,4.24,19.75,15.51
Slovenia,46.15,15,2458653,18.6,4.23,19.8,15.57
Slovenia,46.15,15,2458660,18.6,4.26,19.83,15.57
Slovenia,46.15,15,2458667,20.3,4.32,19.82,15.5
Slovenia,46.15,15,2458674,20.3,4.4,19.78,15.38
Slovenia,46.15,15,2458681,20.3,4.5,19.7,15.2
Slovenia,46.15,15,2458688,20.3,4.62,19.6,14.98
Slovenia,46.15,15,2458695,20.3,4.75,19.47,14.72
Slovenia,46.15,15,2458702,20,4.89,19.31,14.43
Slovenia,46.15,15,2458709,20,5.03,19.14,14.11
Slovenia,46.15,15,2458716,20,5.17,18.94,13.77
Slovenia,46.15,15,2458723,20,5.32,18.74,13.42
Slovenia,46.15,15,2458730,15.2,5.46,18.52,13.06
Slovenia,46.15,15,2458737,15.2,5.61,18.3,12.69
Slovenia,46.15,15,2458744,15.2,5.75,18.07,12.31
Slovenia,46.15,15,2458751,15.2,5.9,17.84,11.94
Slovenia,46.15,15,2458758,10.7,6.05,17.61,11.56
Slovenia,46.15,15,2458765,10.7,6.2,17.38,11.18
Slovenia,46.15,15,2458772,10.7,6.36,17.17,10.81
Slovenia,46.15,15,2458779,10.7,6.52,16.96,10.44
Slovenia,46.15,15,2458786,10.7,6.69,16.77,10.08
Slovenia,46.15,15,2458793,5.7,6.86,16.59,9.74
Slovenia,46.15,15,2458800,5.7,7.03,16.44,9.42
Slovenia,46.15,15,2458807,5.7,7.19,16.32,9.12
Slovenia,46.15,15,2458814,5.7,7.35,16.22,8.87
Slovenia,46.15,15,2458821,0.5,7.49,16.16,8.67
Slovenia,46.15,15,2458828,0.5,7.62,16.14,8.52
Slovenia,46.15,15,2458835,0.5,7.71,16.15,8.44
Slovenia,46.15,15,2458842,0.5,7.78,16.2,8.43
Slovenia,46.15,15,2458849,0.5,7.8,16.29,8.49
Spain,40.46,-3.75,2458485,6.7,8.72,17.89,9.17
Spain,40.46,-3.75,2458492,6.7,8.72,18,9.28
Spain,40.46,-3.75,2458499,6.7,8.69,18.12,9.43
Spain,40.46,-3.75,2458506,6.7,8.63,18.26,9.63
Spain,40.46,-3.75,2458513,6.7,8.54,18.4,9.86
Spain,40.46,-3.75,2458520,7.3,8.42,18.54,10.12
Spain,40.46,-3.75,2458527,7.3,8.29,18.69,10.4
Spain,40.46,-3.75,2458534,7.3,8.13,18.83,10.69
Spain,40.46,-3.75,2458541,7.3,7.97,18.96,11
Spain,40.46,-3.75,2458548,9.9,7.79,19.1,11.31
Spain,40.46,-3.75,2458555,9.9,7.6,19.22,11.62
Spain,40.46,-3.75,2458562,9.9,7.41,19.35,11.94
Spain,40.46,-3.75,2458569,9.9,7.22,19.47,12.25
Spain,40.46,-3.75,2458576,12.2,7.03,19.59,12.56
Spain,40.46,-3.75,2458583,12.2,6.84,19.71,12.87
Spain,40.46,-3.75,2458590,12.2,6.66,19.83,13.17
Spain,40.46,-3.75,2458597,12.2,6.49,19.95,13.46
Spain,40.46,-3.75,2458604,12.2,6.34,20.07,13.73
Spain,40.46,-3.75,2458611,15.8,6.2,20.19,13.99
Spain,40.46,-3.75,2458618,15.8,6.08,20.3,14.23
Spain,40.46,-3.75,2458625,15.8,5.98,20.41,14.44
Spain,40.46,-3.75,2458632,15.8,5.9,20.51,14.61
Spain,40.46,-3.75,2458639,20.6,5.85,20.6,14.75
Spain,40.46,-3.75,2458646,20.6,5.82,20.66,14.84
Spain,40.46,-3.75,2458653,20.6,5.82,20.71,14.89
Spain,40.46,-3.75,2458660,20.6,5.85,20.74,14.89
Spain,40.46,-3.75,2458667,23.2,5.9,20.73,14.83
Spain,40.46,-3.75,2458674,23.2,5.97,20.71,14.74
Spain,40.46,-3.75,2458681,23.2,6.05,20.65,14.6
Spain,40.46,-3.75,2458688,23.2,6.15,20.57,14.42
Spain,40.46,-3.75,2458695,23.2,6.25,20.46,14.21
Spain,40.46,-3.75,2458702,23.3,6.36,20.34,13.98
Spain,40.46,-3.75,2458709,23.3,6.47,20.19,13.72
Spain,40.46,-3.75,2458716,23.3,6.58,20.03,13.45
Spain,40.46,-3.75,2458723,23.3,6.7,19.86,13.16
Spain,40.46,-3.75,2458730,20,6.81,19.67,12.87
Spain,40.46,-3.75,2458737,20,6.92,19.48,12.56
Spain,40.46,-3.75,2458744,20,7.03,19.29,12.26
Spain,40.46,-3.75,2458751,20,7.15,19.09,11.95
Spain,40.46,-3.75,2458758,15.5,7.26,18.9,11.64
Spain,40.46,-3.75,2458765,15.5,7.38,18.71,11.33
Spain,40.46,-3.75,2458772,15.5,7.5,18.53,11.02
Spain,40.46,-3.75,2458779,15.5,7.63,18.35,10.72
Spain,40.46,-3.75,2458786,15.5,7.76,18.19,10.43
Spain,40.46,-3.75,2458793,10.1,7.9,18.05,10.15
Spain,40.46,-3.75,2458800,10.1,8.04,17.93,9.9
Spain,40.46,-3.75,2458807,10.1,8.17,17.84,9.66
Spain,40.46,-3.75,2458814,10.1,8.31,17.77,9.46
Spain,40.46,-3.75,2458821,7.1,8.43,17.73,9.3
Spain,40.46,-3.75,2458828,7.1,8.54,17.72,9.18
Spain,40.46,-3.75,2458835,7.1,8.62,17.74,9.12
Spain,40.46,-3.75,2458842,7.1,8.69,17.8,9.11
Spain,40.46,-3.75,2458849,7.1,8.72,17.88,9.16
Sweden,60.13,18.64,2458485,-7.5,8.99,14.64,5.65
Sweden,60.13,18.64,2458492,-7.5,8.89,14.84,5.95
Sweden,60.13,18.64,2458499,-7.5,8.73,15.09,6.36
Sweden,60.13,18.64,2458506,-7.5,8.52,15.38,6.87
Sweden,60.13,18.64,2458513,-7.5,8.26,15.69,7.43
Sweden,60.13,18.64,2458520,-6.9,7.98,16,8.03
Sweden,60.13,18.64,2458527,-6.9,7.67,16.32,8.65
Sweden,60.13,18.64,2458534,-6.9,7.34,16.63,9.29
Sweden,60.13,18.64,2458541,-6.9,7.01,16.94,9.93
Sweden,60.13,18.64,2458548,-3.3,6.66,17.24,10.58
Sweden,60.13,18.64,2458555,-3.3,6.31,17.53,11.23
Sweden,60.13,18.64,2458562,-3.3,5.95,17.82,11.87
Sweden,60.13,18.64,2458569,-3.3,5.6,18.11,12.51
Sweden,60.13,18.64,2458576,2.3,5.24,18.39,13.15
Sweden,60.13,18.64,2458583,2.3,4.89,18.68,13.78
Sweden,60.13,18.64,2458590,2.3,4.55,18.96,14.41
Sweden,60.13,18.64,2458597,2.3,4.21,19.25,15.03
Sweden,60.13,18.64,2458604,2.3,3.89,19.53,15.64
Sweden,60.13,18.64,2458611,8,3.58,19.82,16.23
Sweden,60.13,18.64,2458618,8,3.3,20.09,16.79
Sweden,60.13,18.64,2458625,8,3.05,20.35,17.31
Sweden,60.13,18.64,2458632,8,2.83,20.59,17.76
Sweden,60.13,18.64,2458639,12.2,2.67,20.79,18.13
Sweden,60.13,18.64,2458646,12.2,2.56,20.94,18.39
Sweden,60.13,18.64,2458653,12.2,2.52,21.04,18.52
Sweden,60.13,18.64,2458660,12.2,2.54,21.06,18.51
Sweden,60.13,18.64,2458667,15.3,2.64,21.01,18.37
Sweden,60.13,18.64,2458674,15.3,2.8,20.89,18.1
Sweden,60.13,18.64,2458681,15.3,3,20.72,17.72
Sweden,60.13,18.64,2458688,15.3,3.23,20.5,17.27
Sweden,60.13,18.64,2458695,15.3,3.49,20.24,16.75
Sweden,60.13,18.64,2458702,13.8,3.76,19.96,16.2
Sweden,60.13,18.64,2458709,13.8,4.03,19.65,15.61
Sweden,60.13,18.64,2458716,13.8,4.31,19.32,15.01
Sweden,60.13,18.64,2458723,13.8,4.58,18.98,14.4
Sweden,60.13,18.64,2458730,9.5,4.86,18.64,13.78
Sweden,60.13,18.64,2458737,9.5,5.13,18.29,13.15
Sweden,60.13,18.64,2458744,9.5,5.41,17.93,12.52
Sweden,60.13,18.64,2458751,9.5,5.68,17.57,11.89
Sweden,60.13,18.64,2458758,3.8,5.96,17.22,11.26
Sweden,60.13,18.64,2458765,3.8,6.24,16.86,10.62
Sweden,60.13,18.64,2458772,3.8,6.53,16.51,9.99
Sweden,60.13,18.64,2458779,3.8,6.82,16.17,9.35
Sweden,60.13,18.64,2458786,3.8,7.13,15.85,8.72
Sweden,60.13,18.64,2458793,-1.5,7.43,15.53,8.1
Sweden,60.13,18.64,2458800,-1.5,7.74,15.24,7.5
Sweden,60.13,18.64,2458807,-1.5,8.04,14.98,6.94
Sweden,60.13,18.64,2458814,-1.5,8.33,14.76,6.43
Sweden,60.13,18.64,2458821,-5.4,8.58,14.59,6
Sweden,60.13,18.64,2458828,-5.4,8.79,14.48,5.68
Sweden,60.13,18.64,2458835,-5.4,8.94,14.44,5.5
Sweden,60.13,18.64,2458842,-5.4,9.01,14.49,5.47
Sweden,60.13,18.64,2458849,-5.4,9,14.61,5.61
United Kingdom,55.38,-3.44,2458485,4.3,9.82,16.76,6.94
United Kingdom,55.38,-3.44,2458492,4.3,9.76,16.92,7.16
United Kingdom,55.38,-3.44,2458499,4.3,9.65,17.12,7.46
United Kingdom,55.38,-3.44,2458506,4.3,9.5,17.34,7.84
United Kingdom,55.38,-3.44,2458513,4.3,9.31,17.58,8.27
United Kingdom,55.38,-3.44,2458520,4.3,9.09,17.83,8.75
United Kingdom,55.38,-3.44,2458527,4.3,8.84,18.09,9.24
United Kingdom,55.38,-3.44,2458534,4.3,8.58,18.34,9.76
United Kingdom,55.38,-3.44,2458541,4.3,8.3,18.59,10.29
United Kingdom,55.38,-3.44,2458548,5.7,8.01,18.83,10.82
United Kingdom,55.38,-3.44,2458555,5.7,7.71,19.07,11.36
United Kingdom,55.38,-3.44,2458562,5.7,7.41,19.31,11.89
United Kingdom,55.38,-3.44,2458569,5.7,7.11,19.54,12.43
United Kingdom,55.38,-3.44,2458576,8,6.81,19.77,12.96
United Kingdom,55.38,-3.44,2458583,8,6.52,20,13.48
United Kingdom,55.38,-3.44,2458590,8,6.23,20.23,14
United Kingdom,55.38,-3.44,2458597,8,5.95,20.45,14.5
United Kingdom,55.38,-3.44,2458604,8,5.69,20.68,14.99
United Kingdom,55.38,-3.44,2458611,10.8,5.44,20.9,15.46
United Kingdom,55.38,-3.44,2458618,10.8,5.22,21.12,15.9
United Kingdom,55.38,-3.44,2458625,10.8,5.03,21.32,16.29
United Kingdom,55.38,-3.44,2458632,10.8,4.87,21.5,16.63
United Kingdom,55.38,-3.44,2458639,13.5,4.75,21.65,16.9
United Kingdom,55.38,-3.44,2458646,13.5,4.68,21.76,17.08
United Kingdom,55.38,-3.44,2458653,13.5,4.66,21.84,17.18
United Kingdom,55.38,-3.44,2458660,13.5,4.69,21.86,17.17
United Kingdom,55.38,-3.44,2458667,15.1,4.76,21.83,17.07
United Kingdom,55.38,-3.44,2458674,15.1,4.88,21.75,16.87
United Kingdom,55.38,-3.44,2458681,15.1,5.03,21.63,16.6
United Kingdom,55.38,-3.44,2458688,15.1,5.21,21.47,16.26
United Kingdom,55.38,-3.44,2458695,15.1,5.4,21.27,15.87
United Kingdom,55.38,-3.44,2458702,15,5.61,21.05,15.43
United Kingdom,55.38,-3.44,2458709,15,5.83,20.8,14.97
United Kingdom,55.38,-3.44,2458716,15,6.04,20.53,14.49
United Kingdom,55.38,-3.44,2458723,15,6.26,20.25,13.99
United Kingdom,55.38,-3.44,2458730,13.1,6.48,19.96,13.48
United Kingdom,55.38,-3.44,2458737,13.1,6.7,19.66,12.96
United Kingdom,55.38,-3.44,2458744,13.1,6.92,19.36,12.44
United Kingdom,55.38,-3.44,2458751,13.1,7.14,19.05,11.91
United Kingdom,55.38,-3.44,2458758,10.2,7.37,18.75,11.38
United Kingdom,55.38,-3.44,2458765,10.2,7.59,18.45,10.86
United Kingdom,55.38,-3.44,2458772,10.2,7.83,18.16,10.33
United Kingdom,55.38,-3.44,2458779,10.2,8.07,17.88,9.81
United Kingdom,55.38,-3.44,2458786,10.2,8.31,17.61,9.3
United Kingdom,55.38,-3.44,2458793,6.9,8.55,17.36,8.8
United Kingdom,55.38,-3.44,2458800,6.9,8.8,17.13,8.33
United Kingdom,55.38,-3.44,2458807,6.9,9.04,16.93,7.9
United Kingdom,55.38,-3.44,2458814,6.9,9.26,16.77,7.51
United Kingdom,55.38,-3.44,2458821,4.7,9.46,16.66,7.2
United Kingdom,55.38,-3.44,2458828,4.7,9.62,16.59,6.97
United Kingdom,55.38,-3.44,2458835,4.7,9.74,16.58,6.84
United Kingdom,55.38,-3.44,2458842,4.7,9.81,16.63,6.82
United Kingdom,55.38,-3.44,2458849,4.7,9.82,16.73,6.91
